company_descr_city,company_descr_country,company_description,company_games,link_geoip,name_ja,tld_country,top_level_domain,url,web-scraper-order,wiki_link,wkp
,,,,DE,May-Be SOFT,Japan,jp,http://www.lievre.jp/,1522049599-2555,,
,,,,,,,,,1522049479-2156,,
,,,,,,,,,1522049479-2163,,
,,,,JP,郎猫儿(らんまーる),,com,http://www.langmaor.com/,1522049479-2204,,
,,,,,,,,,1522049479-2147,,
,,,,JP,ルネソフト,Japan,jp,http://www.lune-soft.jp/,1522049479-2245,,
,,,,,,,,,1522049479-2129,,
,,,,,,,,,1522049599-2459,,
,,,,JP,ORBIT,,com,http://www.orbit-soft.com/,1522049539-2401,,
,,,,,,,,,1522049599-2467,,
,,,,,ランダムハウス,Japan,jp,http://www.randomhouse.co.jp/,1522049479-2200,,
,,,,JP,ランプオブシュガー,Japan,jp,http://www.lumpofsugar.co.jp/,1522049479-2203,,
,,,,JP,(株)レベルファイブ,Japan,jp,http://www.level5.co.jp/,1522049539-2432,https://ja.wikipedia.org/wiki/%E3%83%AC%E3%83%99%E3%83%AB%E3%83%95%E3%82%A1%E3%82%A4%E3%83%96,Q674686
,,,,JP,ル・ショコラ,Japan,jp,http://www.saibunkan.co.jp/lechocolat/,1522049479-2240,,
,,,,JP,マシス,Japan,jp,http://www.masys.co.jp/,1522049599-2512,,
,,,,JP,みるくそふと,Tonga,to,http://home.milksoft.d-net.to/,1522049599-2545,,
,,,,,,,,,1522049479-2135,,
,,,,JP,美蕾（みらい）,,com,http://www.mirai-soft.com/,1522049599-2542,,
,,,,US,Muscadet(ミュスカデ),,com,http://muscadet-soft.com/,1522049599-2540,,
,,,,JP,ルネlovesK,Japan,jp,http://www.marigold.co.jp/loves_k/,1522049539-2414,,
,,,,,,,,,1522049539-2316,,
,,,,JP,Mink EGO,Japan,jp,http://www.mink.co.jp/ego/,1522049599-2551,,
,,,,US,LOVEDELIVERY,,biz,http://lovedelivery.biz/,1522049539-2362,,
,,,,JP,(株)ランド・ホー,Japan,jp,http://www.landho.co.jp/,1522049539-2368,,
,,,,JP,ルネ,Japan,jp,http://www.marigold.co.jp/lune/,1522049479-2244,,
,,,,JP,Lamia,Japan,jp,http://www.clearrave.co.jp/brand/brand_lamia.html,1522049539-2363,,
,,,,JP,RealArcade(リアルアーケード),,com,http://www.jp.realarcade.com/,1522049539-2374,,
,,,,JP,ルピナス,,com,http://www.if-lupinus.com/,1522049539-2415,,
,,,,JP,ムームー,,com,http://www.muumuu.com/,1522049599-2552,,
,,,,,LimeLight(ライムライト),Japan,jp,http://limelight.product.co.jp/,1522049539-2341,,
,,,,,,,,,1522049539-2297,,
,,,,JP,raiL-soft(レイルソフト),Japan,jp,http://www.liar.co.jp/raiL/,1522049539-2419,,
,,,,,,,,,1522049479-2142,,
,,,,,,,,,1522049599-2484,,
,,,,,,,,,1522049539-2291,,
,,,,,,,,,1522049539-2322,,
,,,,,,,,,1522049539-2329,,
,,,,,,,,,1522049539-2307,,
,,,,,,,,,1522049599-2457,,
,,,,,,,,,1522049599-2476,,
,,,,US,Rosebleu(ロゼブル),Japan,jp,http://www.rosebleu.jp/,1522049539-2445,,
,,,,,,,,,1522049599-2489,,
,,,,JP,MAGI white(マギ・ホワイト),Japan,jp,http://www.magi-soft.jp/,1522049599-2509,,
,,,,,,,,,1522049539-2319,,
,,,,,(有)マイトレジャー[My Treasure],,net,http://www.my-tre.net/,1522049599-2503,,
,,,,US,LOVERSOUL,Japan,jp,http://www.loversoul.jp/,1522049479-2186,,
,,,,,,,,,1522049479-2132,,
,,,,JP,La’cryma(ラクリマ),,info,http://lacryma.info/,1522049479-2179,,
,,,,,,,,,1522049479-2130,,
,,,,US,Rosebleu(ロゼブル),Japan,jp,http://www.rosebleu.jp/,1522049479-2279,,
,,,,JP,Latte(ラテ),Japan,jp,http://latte.nexton-net.jp/,1522049539-2350,,
,,,,,,,,,1522049539-2301,,
,,,,JP,オカリナ,Tuvalu,tv,http://www.ktfactory.tv/,1522049479-2217,,
,,,,,(株)レインエンターテイメント,,com,http://www.rainsoftware.com/,1522049539-2420,,
,,,,,,,,,1522049479-2126,,
,,,,JP,ルナソフト,Japan,jp,http://lunasoft.jp/,1522049539-2408,,
,,,,JP,メカニック・アームズ,Japan,jp,http://www.lares.dti.ne.jp/~marms/,1522049599-2557,,
,,,,JP,(株)ラクジン,Japan,jp,http://www.racjin.co.jp/,1522049539-2344,,
,,,,,,,,,1522049479-2136,,
,,,,JP,Lime(ライム),,com,http://www.project-lime.com/,1522049539-2340,,
,,,,DE,(有)ロータス,Japan,jp,http://www.lotus-inc.jp/,1522049539-2438,,
,,,,JP,めろめろキュ～ト,,net,http://meroq.net/,1522049599-2569,,
,,,,JP,Ｗａｆｆｌｅ,,com,http://www.waffle1999.com/,1522049476-2112,,
,,,,US,mixed up(ミクストアップ),,com,http://www.mixed-up-web.com/,1522049599-2528,,
,,,,JP,(有)リバース・イメージ・クリエイション(R.I.C),,com,http://www.ric-japan.com/,1522049479-2221,,
,,,,,,,,,1522049599-2455,,
,,,,,,,,,1522049599-2474,,
,,,,US,インフォレスト(株),Japan,jp,http://www.infor.co.jp/,1522049539-2434,,
,,,,,,,,,1522049599-2491,,
,,,,JP,Lucha Libre(ルチャリブレ),,com,http://www.luchalibre-game.com/,1522049479-2241,,
,,,,,,,,,1522049539-2311,,
,,,,,,,,,1522049599-2490,,
,,,,JP,ルネ Team Bitters,Japan,jp,http://www.marigold.co.jp/team_bitters/,1522049539-2412,,
,,,,,,,,,1522049476-2107,,
,,,,JP,Love Juice ピンク,Japan,jp,http://www.love-juice.jp/index.html,1522049479-2194,,
,,,,,,,,,1522049479-2143,,
,,,,JP,MAGI black(マギ・ブラック),Japan,jp,http://www.magi-soft.jp/,1522049599-2508,,
,,,,JP,みなとカーニバル,,com,http://www.minatocarnival.com/,1522049599-2535,,
,,,,,乱蝶姫(みだれあげは),Japan,jp,http://www.setsugetsuka-software.co.jp/,1522049599-2532,,
,,,,NL,めるてぃぷらす,,com,http://melty-plus.com/,1522049599-2571,,
,,,,JP,√nuko,Japan,jp,http://rootnuko.jp/,1522049479-2236,,
,,,,,祭企画,,com,http://www.matsuri-kikaku.com/,1522049599-2515,,
,,,,,,,,,1522049479-2122,,
,,,,JP,Reon(リオン),,com,http://www.reon-soft.com/,1522049479-2212,,
,,,,JP,ラプター,,com,http://www.sp-janis.com/,1522049479-2195,,
,,,,JP,(有)レイヴ,Japan,jp,http://www.remus.dti.ne.jp/~rave-aki/,1522049479-2251,,
,,,,JP,ま～まれぇど,,com,http://www.web-marmalade.com/,1522049599-2496,,
,,,,US,LOVEDELIVERY,,biz,http://lovedelivery.biz/,1522049479-2196,,
,,,,JP,Lapis lazuli(ラピスラズリ),,com,http://www.lapislazuli-soft.com/,1522049479-2190,,
,,,,,Moon Parrot(ムーンパロット),,com,http://www.moon-parrot.com/,1522049599-2554,,
,,,,,,,,,1522049539-2288,,
,,,,JP,WAS,,com,http://ces-n.com/was/,1522049476-2111,,
,,,,,,,,,1522049539-2286,,
,,,,JP,レイ,Japan,jp,http://www.ray.co.jp/,1522049479-2250,,
,,,,,,,,,1522049599-2449,,
,,,,JP,リビドー,Japan,jp,http://www.libido.ne.jp/,1522049539-2389,,
,,,,JP,material,,com,http://www.material-game.com/,1522049599-2516,,
,,,,,,,,,1522049476-2105,,
,,,,JP,Micro Groove,,com,http://www.cyc-soft.com/,1522049599-2499,,
,,,,JP,Latte(ラテ),Japan,jp,http://latte.nexton-net.jp/,1522049479-2184,,
,,,,JP,(株)エクストリーム,Japan,jp,http://www.e-xtreme.co.jp/,1522049599-2559,,
,,,,,,,,,1522049539-2318,,
,,,,,,,,,1522049479-2138,,
,,,,JP,(株)レッド・エンタテインメント,Japan,jp,http://red-entertainment.co.jp/,1522049479-2260,https://ja.wikipedia.org/wiki/%E3%83%AC%E3%83%83%E3%83%89%E3%83%BB%E3%82%A8%E3%83%B3%E3%82%BF%E3%83%86%E3%82%A4%E3%83%B3%E3%83%A1%E3%83%B3%E3%83%88,Q564275
,,,,,,,,,1522049479-2152,,
,,,,JP,(株)マルチメディア インテリジェンス トランスファー [MIT],,com,http://www.mitjapan.com/,1522049599-2525,,
,,,,US,WAM(ワム),,net,http://www.at-sakura.net/wam/main.php,1522049476-2113,,
,,,,JP,リリス,,com,http://www.lilith-soft.com/,1522049479-2228,,
,,,,JP,RED-ZONE,Japan,jp,http://rzone.jp/,1522049479-2262,,
,,,,,,,,,1522049479-2153,,
,,,,FR,Marron,Niue,nu,http://www.marron.nu/,1522049599-2526,,
,,,,,,,,,1522049599-2483,,
,,,,JP,ミルククラウン,Japan,jp,http://www.milkcrown.co.jp/,1522049599-2543,,
,,,,,,,,,1522049479-2124,,
,,,,,,,,,1522049479-2149,,
,,,,,,,,,1522049476-2106,,
,,,,JP,(株)アストロール,Japan,jp,http://www.musical.jp/astroll/,1522049479-2265,,
,,,,JP,(株)ログ,Japan,jp,http://www.log.co.jp/,1522049479-2273,,
,,,,JP,Ricotta(リコッタ),Japan,jp,http://www.ricotta-soft.jp/,1522049479-2216,,
,,,,JP,LiLiM DARKNESS,Japan,jp,http://s-digi.jp/lilim/,1522049479-2231,,
,,,,,,,,,1522049539-2296,,
,,,,,ロケットカンパニー(株),Japan,jp,http://www.rocketcompany.co.jp/,1522049539-2441,,
,,,,JP,LiLiM生,Japan,jp,http://s-digi.jp/lilim/,1522049479-2232,,
,,,,JP,(株)レッド・エンタテインメント,Japan,jp,http://red-entertainment.co.jp/,1522049479-2261,https://ja.wikipedia.org/wiki/%E3%83%AC%E3%83%83%E3%83%89%E3%83%BB%E3%82%A8%E3%83%B3%E3%82%BF%E3%83%86%E3%82%A4%E3%83%B3%E3%83%A1%E3%83%B3%E3%83%88,Q564275
,,,,,,,,,1522049599-2493,,
,,,,,,,,,1522049599-2460,,
,,,,JP,ルピナス,,com,http://www.if-lupinus.com/,1522049479-2249,,
,,,,JP,Ripe,Japan,jp,http://www.teck.jp/ripe/,1522049479-2172,,
,,,,JP,liquid-shine,Japan,jp,http://liquid.nexton-net.jp/,1522049539-2380,,
,,,,,,,,,1522049539-2299,,
,,,,JP,リトルウイング,,com,http://www.littlewingpinball.com/,1522049539-2385,,
,,,,JP,MORE,Japan,jp,http://www.moresoft-info.jp/,1522049599-2573,,
,,,,,,,,,1522049539-2293,,
,,,,,,,,,1522049599-2464,,
,,,,,,,,,1522049479-2162,,
,,,,,,,,,1522049599-2494,,
,,,,,,,,,1522049539-2292,,
,,,,,,,,,1522049599-2469,,
,,,,JP,R u s s e l l . p u r e(ラッセル・ピュア),Japan,jp,http://www.russel.co.jp/pure/index.html,1522049539-2349,,
,,,,JP,(株)アルティ,Japan,jp,http://www.althi.co.jp/,1522049539-2388,,
,,,,JP,rouge(ルージュ),Japan,jp,http://www.will-japan.co.jp/rouge/,1522049539-2400,,
,,,,JP,LiLiM生,Japan,jp,http://s-digi.jp/lilim/,1522049539-2398,,
,,,,JP,menue(株),Japan,jp,http://www.menue.co.jp/,1522049599-2567,,
,,,,NL,マイクロソフト,,com,http://www.microsoft.com/japan/games/,1522049599-2500,,
,,,,,,,,,1522049599-2454,,
,,,,,,,,,1522049599-2481,,
,,,,JP,わるきゅ～れ,,com,http://www.ordin-soft.com/,1522049476-2114,,
,,,,JP,LOST SCRIPT(ロストスクリプト),Japan,jp,http://www.lostscript.jp/,1522049539-2443,,
,,,,,,,,,1522049539-2294,,
,,,,,萌♂,Japan,jp,http://moe.product.co.jp/,1522049599-2576,,
,,,,,,,,,1522049599-2452,,
,,,,,,,,,1522049539-2312,,
,,,,JP,Molamola software,,net,http://www.molamola-soft.net/,1522049599-2586,,
,,,,JP,R u s s e l l . p u r e(ラッセル・ピュア),Japan,jp,http://www.russel.co.jp/pure/index.html,1522049479-2183,,
,,,,,,,,,1522049479-2120,,
,,,,JP,(株)ルーン,Japan,jp,http://www.rune.jp/,1522049539-2404,,
,,,,,,,,,1522049539-2282,,
,,,,JP,Lillian(リリアン),Japan,jp,http://www.lillian.jp/,1522049479-2227,,
,,,,,,,,,1522049599-2492,,
,,,,JP,(株)マイナビ,Japan,jp,http://soft.mycom.co.jp/,1522049599-2505,,
,,,,JP,まかろんソフト,Japan,jp,http://macaronsoft.jp/,1522049599-2507,,
,,,,JP,RealArcade(リアルアーケード),,com,http://www.jp.realarcade.com/,1522049479-2208,,
,,,,JP,(株)ラッセル,Japan,jp,http://www.w-russell.jp/,1522049479-2182,,
,,,,,,,,,1522049599-2477,,
,,,,JP,(株)アスキー・メディアワークス,Japan,jp,http://asciimw.jp/,1522049599-2564,,
,,,,JP,(株)マイクロネット,Japan,jp,http://micronetclub.co.jp/,1522049599-2501,,
,,,,,,,,,1522049479-2131,,
,,,,,美遊(ミュウ),Japan,jp,http://www.mu-game.co.jp/,1522049599-2539,,
,,,,,,,,,1522049539-2324,,
,,,,JP,MeDIOZA,Japan,jp,http://www2s.biglobe.ne.jp/~wangan/,1522049599-2565,,
,,,,JP,(株)MUTAN(ミュータン),Japan,jp,http://www.mu-tan.co.jp/,1522049599-2538,,
,,,,,,,,,1522049479-2151,,
,,,,,,,,,1522049476-2109,,
,,,,JP,レッドレベル,Japan,jp,http://www.digianime.co.jp/redrebel/,1522049479-2264,,
,,,,JP,One-up,,com,http://one-1up.com/,1522049476-2115,,
,,,,US,Rose Liese(ローズリーゼ),,com,http://www.roseliese.com/,1522049479-2271,,
,,,,VG,ローズクラウン,,com,http://www.rose-tiara.com/,1522049539-2435,,
,,,,JP,lapin(ラパン),Japan,jp,http://www.bunnyhole.jp/,1522049539-2354,,
,,,,JP,(有)ランカース[LANCARSE Ltd.],Japan,jp,http://www.lancarse.co.jp/,1522049539-2365,,
,,,,,,,,,1522049539-2333,,
,,,,JP,NHN Japan (株),Japan,jp,http://www.nhncorp.jp/,1522049599-2524,,
,,,,,リューノス,Japan,jp,http://www.arkham-products.jp/products.html,1522049539-2392,,
,,,,JP,ラディ,Japan,jp,http://radi.product.co.jp/,1522049539-2351,,
,,,,,,,,,1522049539-2314,,
,,,,,REALDEAL,Japan,jp,http://realdeal.product.co.jp/,1522049539-2376,,
,,,,IE,(株)ライノスタジオ,Japan,jp,http://www.rhino-studios.co.jp/,1522049539-2337,,
,,,,JP,RINGER BELL,Japan,jp,http://www.rits.co.jp/rb/,1522049539-2399,,
,,,,JP,ミンク,Japan,jp,http://www.mink.co.jp/,1522049599-2550,,
,,,,JP,ル・ショコラ,Japan,jp,http://www.saibunkan.co.jp/lechocolat/,1522049539-2406,,
,,,,JP,ルネ featuring D,Japan,jp,http://www.marigold.co.jp/featuring-d/index.html,1522049539-2413,,
,,,,,,,,,1522049479-2123,,
,,,,JP,ラス,Japan,jp,http://lass.jp/,1522049539-2346,,
,,,,JP,LiFox(ライフォックス),Japan,jp,http://www.lifox.co.jp/,1522049539-2339,,
,,,,,マリーベル,Japan,jp,http://www.cellworks.co.jp/,1522049599-2520,,
,,,,JP,(有)六面堂,,com,http://www.rokumendo.com/,1522049479-2274,,
,,,,JP,りぷる,Japan,jp,http://libre-soft.jp/,1522049539-2391,,
,,,,,,,,,1522049479-2145,,
,,,,JP,ルネ featuring D,Japan,jp,http://www.marigold.co.jp/featuring-d/index.html,1522049479-2247,,
,,,,,,,,,1522049599-2463,,
,,,,,,,,,1522049539-2321,,
,,,,JP,LiLiM,Japan,jp,http://s-digi.jp/lilim/,1522049539-2396,,
,,,,,,,,,1522049539-2300,,
,,,,JP,レッドレーベル,Japan,jp,http://www.digianime.co.jp/redlabel/,1522049539-2429,,
,,,,,,,,,1522049539-2308,,
,,,,JP,rootnuko+H(るーとぬこぷらすえっち),Japan,jp,http://rootnuko.jp/,1522049539-2403,,
,,,,,桃フェロ,,net,http://momofero.masterup.net/,1522049599-2585,,
,,,,JP,Moviendo(モヴィエンド),,com,http://www.moviendo-soft.com/,1522049599-2574,,
,,,,JP,Mindware,Japan,jp,http://pinball.co.jp/,1522049599-2506,,
,,,,,,,,,1522049479-2166,,
,,,,JP,Mille-feuille(ミルフィーユ),Japan,jp,http://www.mille-feuille.jp/,1522049599-2548,,
,,,,,,,,,1522049479-2159,,
,,,,JP,リビドー,Japan,jp,http://www.libido.ne.jp/,1522049479-2223,,
,,,,,ランダムハウス,Japan,jp,http://www.randomhouse.co.jp/,1522049539-2366,,
,,,,JP,もーにんぐ,,com,http://www.morning-net.com/,1522049599-2572,,
,,,,,,,,,1522049599-2475,,
,,,,,,,,,1522049539-2289,,
,,,,JP,(有)レジスタ[Regista],Japan,jp,http://regista.co.jp/,1522049539-2425,,
,,,,JP,ORBIT,,com,http://www.orbit-soft.com/,1522049479-2235,,
,,,,JP,(有)リバース・イメージ・クリエイション(R.I.C),,com,http://www.ric-japan.com/,1522049539-2387,,
,,,,JP,Rondo Bell(ロンドベル),,com,http://web-giga.com/rondobell/,1522049539-2447,,
,,,,,ロケットカンパニー(株),Japan,jp,http://www.rocketcompany.co.jp/,1522049479-2275,,
,,,,JP,(株)レッド・エンタテインメント,Japan,jp,http://red-entertainment.co.jp/,1522049539-2427,https://ja.wikipedia.org/wiki/%E3%83%AC%E3%83%83%E3%83%89%E3%83%BB%E3%82%A8%E3%83%B3%E3%82%BF%E3%83%86%E3%82%A4%E3%83%B3%E3%83%A1%E3%83%B3%E3%83%88,Q564275
,,,,,,,,,1522049539-2325,,
,,,,JP,Rateblack(レイトブラック),Japan,jp,http://www.light.gr.jp/,1522049539-2418,,
,,,,JP,マリン,Tuvalu,tv,http://marigold.1000.tv/marine/,1522049599-2522,,
,,,,JP,(株)リアルアンリアル,,info,http://www.real-unreal.info/,1522049539-2375,,
,,,,JP,Luxury(ラグジュアリー),Japan,jp,http://luxury.nexton-net.jp/,1522049539-2343,,
,,,,JP,枕,,com,http://www.makura-soft.com/,1522049599-2511,,
,,,,,,,,,1522049479-2161,,
,,,,JP,riffraff,Japan,jp,http://riffraff.product.co.jp/,1522049479-2224,,
,,,,,,,,,1522049599-2487,,
,,,,,,,,,1522049599-2466,,
,,,,,,,,,1522049599-2448,,
,,,,,,,,,1522049479-2125,,
,,,,,,,,,1522049599-2480,,
,,,,JP,ルネ,Japan,jp,http://www.marigold.co.jp/lune/,1522049539-2410,,
,,,,US,LOVERSOUL,Japan,jp,http://www.loversoul.jp/,1522049539-2352,,
,,,,JP,Love Juice,Japan,jp,http://www.love-juice.jp/,1522049479-2193,,
,,,,,,,,,1522049539-2334,,
,,,,,,,,,1522049539-2331,,
,,,,JP,LiLiM,Japan,jp,http://s-digi.jp/lilim/,1522049479-2230,,
,,,,JP,Lusterise（らすたらいず）,,com,http://www.lusterise.com/,1522049479-2181,,
,,,,JP,La’cryma(ラクリマ),,info,http://lacryma.info/,1522049539-2345,,
,,,,JP,rouge(ルージュ),Japan,jp,http://www.will-japan.co.jp/rouge/,1522049479-2234,,
,,,,JP,リリス,,com,http://www.lilith-soft.com/,1522049539-2394,,
,,,,JP,Lucha Libre(ルチャリブレ),,com,http://www.luchalibre-game.com/,1522049539-2407,,
,,,,US,Lilac Soft,Japan,jp,http://aoiumiyori.jp/,1522049479-2176,,
,,,,JP,(有)六面堂,,com,http://www.rokumendo.com/,1522049539-2440,,
,,,,JP,Luxury(ラグジュアリー),Japan,jp,http://luxury.nexton-net.jp/,1522049479-2177,,
,,,,,,,,,1522049539-2313,,
,,,,JP,(株)ログ,Japan,jp,http://www.log.co.jp/,1522049539-2439,,
,,,,JP,りぷる,Japan,jp,http://libre-soft.jp/,1522049479-2225,,
,,,,JP,(株)ルーン,Japan,jp,http://www.rune.jp/,1522049479-2238,,
,,,,,,,,,1522049539-2332,,
,,,,,,,,,1522049599-2472,,
,,,,JP,ミストウォーカー,,com,http://www.mistwalkercorp.com/,1522049599-2530,https://ja.wikipedia.org/wiki/%E3%83%9F%E3%82%B9%E3%83%88%E3%82%A6%E3%82%A9%E3%83%BC%E3%82%AB%E3%83%BC,Q1584831
,,,,JP,マイクロビジョン,Japan,jp,http://www.microvision.co.jp/,1522049599-2502,,
,,,,,,,,,1522049539-2298,,
,,,,DE,(有)ロータス,Japan,jp,http://www.lotus-inc.jp/,1522049479-2272,,
,,,,,,,,,1522049599-2462,,
,,,,JP,RINGER BELL,Japan,jp,http://www.rits.co.jp/rb/,1522049479-2233,,
,,,,JP,Rio,Japan,jp,http://rio.product.co.jp/,1522049539-2377,,
,,,,,,,,,1522049479-2146,,
,,,,IE,(株)ライノスタジオ,Japan,jp,http://www.rhino-studios.co.jp/,1522049479-2171,,
,,,,,,,,,1522049539-2287,,
,,,,JP,ミスリルソフトウェア,Japan,jp,http://www.mithril-software.jp/,1522049599-2531,,
,,,,JP,(株)アルティ,Japan,jp,http://www.althi.co.jp/,1522049479-2222,,
,,,,,,,,,1522049599-2478,,
,,,,JP,RED-ZONE,Japan,jp,http://rzone.jp/,1522049539-2428,,
,,,,,,,,,1522049599-2465,,
,,,,,リューノス,Japan,jp,http://www.arkham-products.jp/products.html,1522049479-2226,,
,,,,,MOSAIC(モザイク),Japan,jp,http://www.hue.co.jp/,1522049599-2578,,
,,,,,,,,,1522049539-2336,,
,,,,JP,Lurid(ルアリッド),Japan,jp,http://www.lurid.jp/,1522049479-2239,,
,,,,NL,めるてぃ,,com,http://melty-plus.com/,1522049599-2570,,
,,,,JP,liquid-touchable,Japan,jp,http://liquid.nexton-net.jp/,1522049539-2381,,
,,,,JP,LiLiM DARKNESS,Japan,jp,http://s-digi.jp/lilim/,1522049539-2397,,
,,,,JP,Lime(ライム),,com,http://www.project-lime.com/,1522049479-2174,,
,,,,JP,レインボー・ジャパン,Japan,jp,http://www.rainbow.co.jp/,1522049539-2423,,
,,,,,,,,,1522049599-2453,,
,,,,JP,ルナソフト,Japan,jp,http://lunasoft.jp/,1522049479-2242,,
,,,,,,,,,1522049479-2139,,
,,,,,,,,,1522049599-2486,,
,,,,JP,LOST SCRIPT(ロストスクリプト),Japan,jp,http://www.lostscript.jp/,1522049479-2277,,
,,,,US,Rose Liese(ローズリーゼ),,com,http://www.roseliese.com/,1522049539-2437,,
,,,,JP,ラディ,Japan,jp,http://radi.product.co.jp/,1522049479-2185,,
,,,,JP,REAL,,biz,http://www.itazura.biz/,1522049539-2373,,
,,,,,,,,,1522049539-2283,,
,,,,,,,,,1522049479-2137,,
,,,,,,,,,1522049539-2305,,
,,,,,,,,,1522049479-2117,,
,,,,,桃雛,,com,http://www.hina-soft.com/,1522049599-2584,,
,,,,JP,オカリナ,Tuvalu,tv,http://www.ktfactory.tv/,1522049539-2383,,
,,,,,,,,,1522049599-2471,,
,,,,,,,,,1522049479-2118,,
,,,,JP,Reactor,Montenegro,me,http://reactor.me/,1522049479-2206,,
,,,,JP,LiFox(ライフォックス),Japan,jp,http://www.lifox.co.jp/,1522049479-2173,,
,,,,US,(株)ラルクス,,com,http://www.larcx.com/,1522049479-2198,,
,,,,,,,,,1522049479-2167,,
,,,,,,,,,1522049476-2108,,
,,,,VG,Monogram(モノグラム),,com,http://www.monogramsoft.com/,1522049599-2580,,
,,,,US,LUNATIC(ルナティック),Japan,jp,http://www.lunatic-soft.jp/,1522049539-2409,,
,,,,JP,Lapis lazuli(ラピスラズリ),,com,http://www.lapislazuli-soft.com/,1522049539-2356,,
,,,,,,,,,1522049479-2169,,
,,,,,,,,,1522049539-2335,,
,,,,US,らぱぷる,,com,http://www.rapapuru.com/,1522049539-2353,,
,,,,JP,(株)マトリックス,Japan,jp,http://www.matrixsoft.co.jp/,1522049599-2517,https://ja.wikipedia.org/wiki/%E3%83%9E%E3%83%88%E3%83%AA%E3%83%83%E3%82%AF%E3%82%B9_(%E3%82%B2%E3%83%BC%E3%83%A0%E4%BC%9A%E7%A4%BE),Q2985996
,,,,JP,MOSS,Japan,jp,http://www.mossjp.co.jp/,1522049599-2579,https://ja.wikipedia.org/wiki/MOSS_(%E3%82%B2%E3%83%BC%E3%83%A0%E4%BC%9A%E7%A4%BE),Q11231990
,,,,,,,,,1522049479-2133,,
,,,,JP,牛乳戦車(ミルクタンク),Japan,jp,http://gyunyusensha.sakura.ne.jp/,1522049599-2544,,
,,,,VG,ローズティアラ,,com,http://www.rose-tiara.com/,1522049539-2436,,
,,,,JP,Ricotta(リコッタ),Japan,jp,http://www.ricotta-soft.jp/,1522049539-2382,,
,,,,JP,(株)ロケットスタジオ,Japan,jp,http://www.rocketstd.co.jp/,1522049539-2442,,
,,,,JP,(株)マイナビ,Japan,jp,http://soft.mycom.co.jp/,1522049599-2504,,
,,,,JP,Rainbow Cyc(レインボウサイク),,com,http://www.cyc-soft.com/,1522049539-2422,,
,,,,,,,,,1522049539-2309,,
,,,,JP,レインボー・ジャパン,Japan,jp,http://www.rainbow.co.jp/,1522049479-2257,,
,,,,JP,Reactor,Montenegro,me,http://reactor.me/,1522049539-2372,,
,,,,VG,ローズクラウン,,com,http://www.rose-tiara.com/,1522049479-2269,,
,,,,JP,MANATSU_8(まなつエイト),,com,http://www.manatsu8.com/,1522049599-2518,,
,,,,JP,Rabbit,Japan,jp,http://www.pamsoft.co.jp/,1522049539-2358,,
,,,,JP,レッドレーベル,Japan,jp,http://www.digianime.co.jp/redlabel/,1522049479-2263,,
,,,,JP,(株)リアルアンリアル,,info,http://www.real-unreal.info/,1522049479-2209,,
,,,,JP,Rondo Bell(ロンドベル),,com,http://web-giga.com/rondobell/,1522049479-2281,,
,,,,US,Lilac Soft,Japan,jp,http://aoiumiyori.jp/,1522049539-2342,,
,,,,JP,(株)メトロ,,com,http://www.metro-japan.com/,1522049599-2566,,
,,,,JP,マジテック,Japan,jp,http://www.aa.alpha-net.ne.jp/esaki/,1522049599-2513,,
,,,,,,,,,1522049479-2127,,
,,,,,,,,,1522049479-2134,,
,,,,,ロストハート,Japan,jp,http://www.zeal.gr.jp/LostHeart/,1522049539-2444,,
,,,,,,,,,1522049599-2458,,
,,,,,,,,,1522049479-2158,,
,,,,JP,みるくぱい,,com,http://www.milk-pai.com/,1522049599-2546,,
,,,,,,,,,1522049599-2485,,
,,,,JP,メガロマンス,Japan,jp,http://www.coremagazine.co.jp/megaromance/,1522049599-2558,,
,,,,JP,レッドレベル,Japan,jp,http://www.digianime.co.jp/redrebel/,1522049539-2430,,
,,,,JP,(有)レイヴ,Japan,jp,http://www.remus.dti.ne.jp/~rave-aki/,1522049539-2417,,
,,,,,,,,,1522049479-2144,,
,,,,JP,Lo-Lilith,,com,http://www.lilith-soft.com/lolilith/,1522049479-2280,,
,,,,JP,リキッド,Japan,jp,http://liquid.nexton-net.jp/,1522049539-2379,,
,,,,JP,(株)レッド・エンタテインメント,Japan,jp,http://red-entertainment.co.jp/,1522049539-2426,https://ja.wikipedia.org/wiki/%E3%83%AC%E3%83%83%E3%83%89%E3%83%BB%E3%82%A8%E3%83%B3%E3%82%BF%E3%83%86%E3%82%A4%E3%83%B3%E3%83%A1%E3%83%B3%E3%83%88,Q564275
,,,,,,,,,1522049539-2310,,
,,,,,,,,,1522049539-2290,,
,,,,JP,メディアート,Japan,jp,http://www.cscweb.co.jp/,1522049599-2560,,
,,,,JP,レオン・スタジオ(株),,com,http://www.leon-studio.com/,1522049539-2424,,
,,,,JP,リーフ,Japan,jp,http://leaf.aquaplus.co.jp/,1522049479-2205,,
,,,,,,,,,1522049599-2479,,
,,,,,,,,,1522049479-2165,,
,,,,,,,,,1522049479-2164,,
,,,,,,,,,1522049479-2148,,
,,,,,,,,,1522049479-2119,,
,,,,JP,ランプオブシュガー,Japan,jp,http://www.lumpofsugar.co.jp/,1522049539-2369,,
,,,,,,,,,1522049539-2302,,
,,,,JP,モノリスソフト,Japan,jp,http://www.monolithsoft.co.jp/,1522049599-2581,https://ja.wikipedia.org/wiki/%E3%83%A2%E3%83%8E%E3%83%AA%E3%82%B9%E3%82%BD%E3%83%95%E3%83%88,Q1239326
,,,,,,,,,1522049599-2473,,
,,,,JP,Love Juice ピンク,Japan,jp,http://www.love-juice.jp/index.html,1522049539-2360,,
,,,,JP,リーフ,Japan,jp,http://leaf.aquaplus.co.jp/,1522049539-2371,,
,,,,JP,REAL,,biz,http://www.itazura.biz/,1522049479-2207,,
,,,,,,,,,1522049479-2116,,
,,,,JP,ラビソフト,,com,http://www.lavi-soft.com/,1522049539-2357,,
,,,,US,LAPIS BLUe.,,com,http://bifronte.com/,1522049539-2355,,
,,,,,,,,,1522049479-2155,,
,,,,JP,レオン・スタジオ(株),,com,http://www.leon-studio.com/,1522049479-2258,,
,,,,,,,,,1522049479-2128,,
,,,,JP,lapin(ラパン),Japan,jp,http://www.bunnyhole.jp/,1522049479-2188,,
,,,,,,,,,1522049539-2323,,
,,,,JP,rootnuko+H(るーとぬこぷらすえっち),Japan,jp,http://rootnuko.jp/,1522049479-2237,,
,,,,,(株)レインエンターテイメント,,com,http://www.rainsoftware.com/,1522049479-2255,,
,,,,JP,Whirlpool,Japan,jp,http://www.whirlpool.co.jp/,1522049476-2110,,
,,,,,,,,,1522049599-2470,,
,,,,JP,ルネlovesK,Japan,jp,http://www.marigold.co.jp/loves_k/,1522049479-2248,,
,,,,JP,(株)ラッセル,Japan,jp,http://www.w-russell.jp/,1522049539-2348,,
,,,,JP,minori,Philippines,ph,http://www.minori.ph/,1522049599-2537,https://ja.wikipedia.org/wiki/Minori,Q307403
,,,,JP,Lamia,Japan,jp,http://www.clearrave.co.jp/brand/brand_lamia.html,1522049479-2197,,
,,,,,,,,,1522049479-2141,,
,,,,JP,(株)ラクジン,Japan,jp,http://www.racjin.co.jp/,1522049479-2178,,
,,,,,,,,,1522049539-2327,,
,,,,,LimeLight(ライムライト),Japan,jp,http://limelight.product.co.jp/,1522049479-2175,,
,,,,JP,(有)ランカース[LANCARSE Ltd.],Japan,jp,http://www.lancarse.co.jp/,1522049479-2199,,
,,,,JP,レイ,Japan,jp,http://www.ray.co.jp/,1522049539-2416,,
,,,,JP,みなとそふと,,com,http://www.minatosoft.com/,1522049599-2536,,
,,,,JP,(株)コナミデジタルエンタテインメント,Japan,jp,http://www.konami.jp/,1522049599-2556,,
,,,,,,,,,1522049479-2154,,
,,,,,,,,,1522049539-2285,,
,,,,,(株)レインエンターテイメント,,com,http://www.rainsoftware.com/,1522049539-2421,,
,,,,DE,(株)ミッチェル,Japan,jp,http://www.mitchell.jp/,1522049599-2533,,
,,,,JP,Lusterise（らすたらいず）,,com,http://www.lusterise.com/,1522049539-2347,,
,,,,JP,Lillian(リリアン),Japan,jp,http://www.lillian.jp/,1522049539-2393,,
,,,,,,,,,1522049539-2306,,
,,,,JP,Miel(ミエル),,com,http://www.miel-soft.com/,1522049599-2527,,
,,,,,,,,,1522049599-2456,,
,,,,JP,ラプター,,com,http://www.sp-janis.com/,1522049539-2361,,
,,,,,Lyric,Japan,jp,http://www.cellworks.co.jp/,1522049539-2395,,
,,,,VG,ローズティアラ,,com,http://www.rose-tiara.com/,1522049479-2270,,
,,,,,MAIKA(マイカ),Japan,jp,http://www.media-box.ne.jp/,1522049599-2497,,
,,,,JP,(有)煉瓦社(レンガシャ),Japan,jp,http://www.ren-ga.co.jp/,1522049479-2267,,
,,,,,(株)悠紀エンタープライズ,Japan,jp,http://www.yuki-web.co.jp/,1522049539-2367,,
,,,,JP,メディア・ビジョン(株),Japan,jp,http://www.media-vision.co.jp/,1522049599-2562,https://ja.wikipedia.org/wiki/%E3%83%A1%E3%83%87%E3%82%A3%E3%82%A2%E3%83%BB%E3%83%93%E3%82%B8%E3%83%A7%E3%83%B3,Q2735962
,,,,JP,(有)マリゴールド,Japan,jp,http://www.marigold.co.jp/index.html,1522049599-2521,,
,,,,JP,MINA,,com,http://www.sp-janis.com/,1522049599-2534,,
,,,,JP,√nuko,Japan,jp,http://rootnuko.jp/,1522049539-2402,,
,,,,JP,(株)メディアカイト販売,Japan,jp,http://mk-hanbai.jp/,1522049599-2561,,
,,,,JP,郎猫儿(らんまーる),,com,http://www.langmaor.com/,1522049539-2370,,
,,,,,,,,,1522049539-2303,,
,,,,JP,(有)ミレニアムキッチン,Japan,jp,http://www.mkitchen.co.jp/,1522049599-2549,,
,,,,JP,ＭＥＲＲＹ ＢＯＹＳ,,com,http://www.gl2003.com/merryboys/,1522049599-2568,,
,,,,,,,,,1522049539-2320,,
,,,,JP,Lurid(ルアリッド),Japan,jp,http://www.lurid.jp/,1522049539-2405,,
,,,,JP,ルネソフト,Japan,jp,http://www.lune-soft.jp/,1522049539-2411,,
,,,,US,(有)モフモフ,,com,http://www.mofmof.com/,1522049599-2582,,
,,,,JP,ルネ Team Bitters,Japan,jp,http://www.marigold.co.jp/team_bitters/,1522049479-2246,,
,,,,JP,(株)マグノリア,Japan,jp,http://www.magnolia.co.jp/,1522049599-2510,,
,,,,,,,,,1522049599-2482,,
,,,,US,LUNATIC(ルナティック),Japan,jp,http://www.lunatic-soft.jp/,1522049479-2243,,
,,,,,,,,,1522049599-2461,,
,,,,JP,raiL-soft(レイルソフト),Japan,jp,http://www.liar.co.jp/raiL/,1522049479-2253,,
,,,,JP,マイクロキャビン,Japan,jp,http://www.microcabin.co.jp/,1522049599-2498,,
,,,,JP,もみじ,,net,http://www.softgames-jp.net/momiji/pro/simaisoukan/main.html,1522049599-2583,,
,,,,JP,Rio,Japan,jp,http://rio.product.co.jp/,1522049479-2211,,
,,,,JP,(株)レベルファイブ,Japan,jp,http://www.level5.co.jp/,1522049479-2266,https://ja.wikipedia.org/wiki/%E3%83%AC%E3%83%99%E3%83%AB%E3%83%95%E3%82%A1%E3%82%A4%E3%83%96,Q674686
,,,,,(株)悠紀エンタープライズ,Japan,jp,http://www.yuki-web.co.jp/,1522049479-2201,,
,,,,JP,(株)ランド・ホー,Japan,jp,http://www.landho.co.jp/,1522049479-2202,,
,,,,,,,,,1522049479-2121,,
,,,,,萌。,Japan,jp,http://moe.product.co.jp/,1522049599-2575,,
,,,,,Lyric,Japan,jp,http://www.cellworks.co.jp/,1522049479-2229,,
,,,,,,,,,1522049479-2170,,
,,,,,萌雛(もえひな),,com,http://www.hina-soft.com/,1522049599-2577,,
,,,,,,,,,1522049599-2488,,
,,,,,,,,,1522049479-2157,,
,,,,JP,ラビソフト,,com,http://www.lavi-soft.com/,1522049479-2191,,
,,,,JP,魔法,Japan,jp,http://www.mahou.co.jp/,1522049599-2519,,
,,,,,,,,,1522049476-2104,,
,,,,,(株)レインエンターテイメント,,com,http://www.rainsoftware.com/,1522049479-2254,,
,,,,JP,Rainbow Cyc(レインボウサイク),,com,http://www.cyc-soft.com/,1522049479-2256,,
,,,,JP,(株)マリオネット,Japan,jp,http://www.marionet.co.jp/,1522049599-2523,,
,,,,JP,ミルクプリン,Japan,jp,http://ulb-potage.co.jp/,1522049599-2547,,
,,,,JP,ムーンストーン,Japan,jp,http://www.moon-stone.jp/,1522049599-2553,,
,,,,JP,Littlewitch,Japan,jp,http://www.littlewitch.jp/,1522049479-2218,,
,,,,,,,,,1522049599-2468,,
,,,,JP,(株)ロケットスタジオ,Japan,jp,http://www.rocketstd.co.jp/,1522049479-2276,,
,,,,JP,liquid-touchable,Japan,jp,http://liquid.nexton-net.jp/,1522049479-2215,,
,,,,JP,liquid-shine,Japan,jp,http://liquid.nexton-net.jp/,1522049479-2214,,
,,,,,,,,,1522049599-2495,,
,,,,,,,,,1522049479-2160,,
,,,,,REALDEAL,Japan,jp,http://realdeal.product.co.jp/,1522049479-2210,,
,,,,JP,リトルウイング,,com,http://www.littlewingpinball.com/,1522049479-2219,,
,,,,JP,Love Juice,Japan,jp,http://www.love-juice.jp/,1522049539-2359,,
,,,,JP,Rateblack(レイトブラック),Japan,jp,http://www.light.gr.jp/,1522049479-2252,,
,,,,US,(株)ラルクス,,com,http://www.larcx.com/,1522049539-2364,,
,,,,JP,(株)マスターピース,Japan,jp,http://www.masterpiece.co.jp/,1522049599-2514,,
,,,,,,,,,1522049479-2168,,
,,,,US,Misty,,com,http://mistygame.com/,1522049599-2529,,
,,,,JP,Littlewitch,Japan,jp,http://www.littlewitch.jp/,1522049539-2384,,
,,,,,ロストハート,Japan,jp,http://www.zeal.gr.jp/LostHeart/,1522049479-2278,,
,,,,,,,,,1522049539-2330,,
,,,,US,LAPIS BLUe.,,com,http://bifronte.com/,1522049479-2189,,
,,,,,,,,,1522049539-2326,,
,,,,,,,,,1522049599-2450,,
,,,,JP,Rabbit,Japan,jp,http://www.pamsoft.co.jp/,1522049479-2192,,
,,,,,,,,,1522049479-2150,,
,,,,,,,,,1522049599-2451,,
,,,,JP,riffraff,Japan,jp,http://riffraff.product.co.jp/,1522049539-2390,,
,,,,,,,,,1522049539-2317,,
,,,,US,インフォレスト(株),Japan,jp,http://www.infor.co.jp/,1522049479-2268,,
,,,,JP,ラス,Japan,jp,http://lass.jp/,1522049479-2180,,
,,,,JP,Re:verse,,com,http://softhouse-seal.com/Re_verse/,1522049539-2386,,
,,,,JP,Lo-Lilith,,com,http://www.lilith-soft.com/lolilith/,1522049539-2446,,
,,,,US,らぱぷる,,com,http://www.rapapuru.com/,1522049479-2187,,
,,,,,,,,,1522049539-2304,,
,,,,,,,,,1522049539-2315,,
,,,,,,,,,1522049539-2284,,
,,,,,,,,,1522049476-2103,,
,,,,,,,,,1522049479-2140,,
,,,,JP,(有)レジスタ[Regista],Japan,jp,http://regista.co.jp/,1522049479-2259,,
,,,,JP,(株)アストロール,Japan,jp,http://www.musical.jp/astroll/,1522049539-2431,,
,,,,JP,(有)煉瓦社(レンガシャ),Japan,jp,http://www.ren-ga.co.jp/,1522049539-2433,,
,,,,JP,Re:verse,,com,http://softhouse-seal.com/Re_verse/,1522049479-2220,,
,,,,JP,Reon(リオン),,com,http://www.reon-soft.com/,1522049539-2378,,
,,,,,,,,,1522049539-2328,,
,,,,,,,,,1522049539-2295,,
,,,,,mirage(ミラージュ),,com,http://www.mirage-soft.com/,1522049599-2541,,
,,,,JP,リキッド,Japan,jp,http://liquid.nexton-net.jp/,1522049479-2213,,
,,,,JP,Ripe,Japan,jp,http://www.teck.jp/ripe/,1522049539-2338,,
,,,,JP,メディア・ビジョン(株),Japan,jp,http://www.media-vision.co.jp/,1522049599-2563,https://ja.wikipedia.org/wiki/%E3%83%A1%E3%83%87%E3%82%A3%E3%82%A2%E3%83%BB%E3%83%93%E3%82%B8%E3%83%A7%E3%83%B3,Q2735962
