company_descr_city,company_descr_country,company_description,company_games,link_geoip,name_ja,tld_country,top_level_domain,url,web-scraper-order,wiki_link,wkp
,,,,JP,フューパック,Japan,jp,http://www.fupac.co.jp/,,,
,,,,JP,スティング,Japan,jp,http://www.sting.co.jp/,,https://ja.wikipedia.org/wiki/%E3%82%B9%E3%83%86%E3%82%A3%E3%83%B3%E3%82%B0_(%E3%82%B2%E3%83%BC%E3%83%A0%E4%BC%9A%E7%A4%BE),Q2983159
,,,,JP,シムス,Japan,jp,http://www.sims.co.jp/,,https://ja.wikipedia.org/wiki/%E3%82%B7%E3%83%A0%E3%82%B9_(%E4%BC%81%E6%A5%AD),Q4048789
,,,,,TOPCAT,Turks and Caicos Islands,tc,http://www.topcat.tc/,,,
,,,,,アートスケープ,Japan,jp,http://www.artscape.co.jp/,,,
,,,,JP,マシス,Japan,jp,http://www.masys.co.jp/,,,
,,,,JP,ArionDigitalSupport名古屋,Japan,jp,http://member.nifty.ne.jp/ADSN/index.html,,,
,,,,,EMU,,net,http://www.hf-emu.net/,,,
,,,,JP,マイクロキャビン,Japan,jp,http://www.microcabin.co.jp/,,,
,,,,JP,ゲーム・アニメのシナリオ　エッジワークス,Japan,jp,http://www.edge-works.co.jp,,,
,,,,JP,テクノソフト,,com,http://www.tecnosoft.com/,,https://ja.wikipedia.org/wiki/%E3%83%86%E3%82%AF%E3%83%8E%E3%82%BD%E3%83%95%E3%83%88_(%E3%82%B2%E3%83%BC%E3%83%A0%E4%BC%9A%E7%A4%BE),Q1296433
,,,,JP,季節の日,Japan,jp,http://www.amigo.ne.jp/~okumura/index.html,,,
,,,,JP,ゴンドラ,Japan,jp,http://home.catv.ne.jp/dd/gondla/main.html,,,
,,,,JP,アリカ,Japan,jp,http://www.arika.co.jp/,,,
,,,,JP,たき工房,Japan,jp,http://www.taki.co.jp/,,,
,,,,JP,ギルガメッシュ戦記,Japan,jp,http://www3.big.or.jp/~wanpaku/FFXI/,,,
,,,,,スタジオメビウス,Japan,jp,http://www.studio-mebius.co.jp/,,,
,,,,JP,アフェクト,Japan,jp,http://www.affect.co.jp/,,,
,,,,,サイク,Japan,jp,http://www.cyc-soft.co.jp/,,,
,,,,JP,サイオ,Japan,jp,http://www.scio.co.jp/,,,
,,,,JP,EXCEED THE LIMIT!!,Japan,jp,http://plaza.rakuten.co.jp/exceedlimit/,,,
,,,,,ウィンキーソフト,Japan,jp,http://www.winky.co.jp/,,https://ja.wikipedia.org/wiki/%E3%82%A6%E3%82%A3%E3%83%B3%E3%82%AD%E3%83%BC%E3%82%BD%E3%83%95%E3%83%88,Q8025512
,,,,JP,HSPセンター,,com,http://www.hspcenter.com/,,,
,,,,US,ドリームキューブ,,com,http://www.dreamcube.com/,,,
,,,,JP,アボガドパワーズ,Japan,jp,http://www.scarecrow.co.jp/,,,
,,,,,GEMEINSCHAFT OFFICIAL WEB SITE,Japan,jp,http://www.gemeinschaft.jp/,,,
,,,,,すきやきのゲームアルゴリズムとゲームプログラミング,Japan,jp,http://www.c3.club.kyutech.ac.jp/~sukiyaki/,,,
,,,,,セレン,Antigua and Barbuda,ag,http://www.selen.ag/,,,
,,,,JP,オフィスジーン,Japan,jp,http://www.jean.co.jp/,,,
,,,,JP,ぱじゃまソフト,Japan,jp,http://www.pajamas.ne.jp/,,,
,,,,JP,Britannia　観光案内所,Japan,jp,http://member.nifty.ne.jp/kamurai/,,,
,,,,JP,カルチャーブレーン,Japan,jp,http://www.culturebrain.co.jp/,,,
,,,,JP,ねこねこソフト,Japan,jp,http://www.din.or.jp/~nekoneko/,,,
,,,,SE,し～くえんす,,com,http://www.aquarium-soft.com/sequence/,,,
,,,,JP,無料のゲーム屋さん『ふりーむ！』,Japan,jp,http://www.freem.ne.jp/,,,
,,,,JP,ザウス,Japan,jp,http://www.xuse.co.jp/,,,
,,,,JP,ポノス,Japan,jp,http://www.ponos.co.jp/,,,
,,,,,エイムス,Japan,jp,http://www.ams-net.co.jp/,,,
,,,,JP,____学園三国志ファンページ____,Japan,jp,http://s1.kcn-tv.ne.jp/users/syo/gaku3fan/index.html,,,
,,,,,無料オンラインRPG「Infinity」,Christmas Island,cx,http://air.ath.cx/~infinity/pc/,,,
,,,,JP,スマートシステム,Japan,jp,http://www.st.rim.or.jp/~smart/,,,
,,,,JP,サイバーフロント,Japan,jp,http://www.cyberfront.co.jp/,,,
,,,,,Fishcafe,Japan,jp,http://fishcafe.suki.gr.jp/,,,
,,,,JP,エイチアイ,Japan,jp,http://www.hicorp.co.jp/,,,
,,,,,アクアウェイブ,Japan,jp,http://www.aquawave.co.jp/,,,
,,,,JP,マグノリア,Japan,jp,http://www.magnolia.co.jp/,,,
,,,,JP,MAGURO ONLINE,Japan,jp,http://www2s.biglobe.ne.jp/~maekawa/index.htm,,,
,,,,JP,StudioGIW（スタジオギウ）,Japan,jp,http://www.page.sannet.ne.jp/m-sky/game/,,,
,,,,JP,オーバーワークス,Japan,jp,http://www.o-works.co.jp/,,https://ja.wikipedia.org/wiki/%E3%82%AA%E3%83%BC%E3%83%90%E3%83%BC%E3%83%AF%E3%83%BC%E3%82%AF%E3%82%B9,Q339565
,,,,JP,Charming Square Garden,Japan,jp,http://www.os.rim.or.jp/~charm/,,,
,,,,,旧ジャレコ（ＰＣＣＷ）,Japan,jp,http://www.jaleco.co.jp/,,,
,,,,JP,KANON系サーチエンジン　うぐぅ,Japan,jp,http://member.nifty.ne.jp/ugoo/,,,
,,,,JP,灯～ともしび～,,net,http://www.tomoshibi.net/,,,
,,,,JP,東亜プランの社長『ポエム五十嵐』,,com,http://www.tcup5.com/514/manchan.html,,,
,,,,JP,MASTER LOM,Japan,jp,http://hc7.seikyou.ne.jp/home/master-lom/,,,
,,,,JP,プロダクションＩＧ,Japan,jp,http://www.production-ig.co.jp/,,,
,,,,JP,チュンソフト,Japan,jp,http://www.chunsoft.co.jp/,,https://ja.wikipedia.org/wiki/%E3%83%81%E3%83%A5%E3%83%B3%E3%82%BD%E3%83%95%E3%83%88,Q778453
,,,,SC,受メロサイト,,com,http://www.ukemero.com/,,,
,,,,JP,ジャスト,Japan,jp,http://www.cyborg.ne.jp/~jast/,,,
,,,,JP,イマジニア,Japan,jp,http://www.imagineer.co.jp/,,https://ja.wikipedia.org/wiki/%E3%82%A4%E3%83%9E%E3%82%B8%E3%83%8B%E3%82%A2,Q3781101
,,,,IE,Blizzard Entertainment,,com,http://www.blizzard.com/,,https://ja.wikipedia.org/wiki/Blizzard_Entertainment,Q178824
,,,,JP,シグナルトーク・コーポレーション,,com,http://www.signaltalk.com/,,,
,,,,,ウィッチ,Japan,jp,http://www.witch.gr.jp/,,,
,,,,JP,パリティビット,Japan,jp,http://www.paritybit.co.jp/,,,
,,,,JP,ぷちゆ～み,Japan,jp,http://www.ume.gr.jp/petit/,,,
,,,,JP,ネメシス,Japan,jp,http://www.nemesys.co.jp/,,,
,,,,,ギャルゲドットコム,,com,http://www.galge.com/,,,
,,,,JP,ユナイテッド・ゲーム・アーティスツ,,com,http://www.u-ga.com/,,,
,,,,JP,ピンクパイナップル,Japan,jp,http://www.pinkpineapple.co.jp/,,,
,,,,JP,株式会社テクノブレインホームページ,,com,http://www.technobrain.com/,,,
,,,,,リズミックス,Japan,jp,http://www.rythmics.co.jp/,,,
,,,,JP,私のおもちゃ箱,Japan,jp,http://www005.upp.so-net.ne.jp/h-masuda/index.html,,,
,,,,CA,ユービーアイソフト,Japan,jp,http://www.ubisoft.co.jp/,,https://ja.wikipedia.org/wiki/%E3%83%A6%E3%83%BC%E3%83%93%E3%83%BC%E3%82%A2%E3%82%A4%E3%82%BD%E3%83%95%E3%83%88,Q188273
,,,,JP,ＫＴファクトリー,Japan,jp,http://www.ktfactory.co.jp/,,,
,,,,,ドールハウス,Japan,jp,http://www.dollhouse.co.jp/,,,
,,,,,ANIM,Japan,jp,http://www.sis.iowave.co.jp/crowd/index.html,,,
,,,,JP,アンバランス,Japan,jp,http://www.unbalance.co.jp/,,,
,,,,JP,アルファ・システム,,net,http://www.alfasystem.net/,,https://ja.wikipedia.org/wiki/%E3%82%A2%E3%83%AB%E3%83%95%E3%82%A1%E3%83%BB%E3%82%B7%E3%82%B9%E3%83%86%E3%83%A0,Q840550
,,,,,完全攻略ナビ,,com,http://majingai.com/gide/navi/navi.cgi,,,
,,,,,DENSI 2!,Japan,jp,http://www.realdigital.co.jp/densi2/index.html,,,
,,,,JP,Ｋ・Ｍ・Ｒ＊ＫＡＭＩＹーＭａｋｅｓ－Ｒｅｖｏｌｕｔｉｏｎ！＊,Japan,jp,http://www.geocities.co.jp/Playtown/2220/,,,
,,,,JP,株式会社SNKプレイモア,Japan,jp,http://www.snkplaymore.co.jp/,,,
,,,,,アウトブレイク,Japan,jp,http://www.outbreak.co.jp/,,,
,,,,JP,エレクトロズー,Japan,jp,http://home.att.ne.jp/red/ez/,,,
,,,,US,knight,,com,http://www.stjp.com/knight/,,,
,,,,,ヒットメーカー,Japan,jp,http://www.hitmaker.co.jp/home.html,,https://ja.wikipedia.org/wiki/%E3%83%92%E3%83%83%E3%83%88%E3%83%A1%E3%83%BC%E3%82%AB%E3%83%BC_(%E3%82%BB%E3%82%AC),Q3082031
,,,,,ギャルゲドットコム,,com,http://www.galge.com/,,,
,,,,JP,デジアニメ・コーポレーション,Japan,jp,http://www.digianime.co.jp/,,,
,,,,,シーズウェア,Japan,jp,http://www.csware.co.jp/,,,
,,,,,デービーソフト,Japan,jp,http://www.db-soft.co.jp/,,https://ja.wikipedia.org/wiki/%E3%83%87%E3%83%BC%E3%83%93%E3%83%BC%E3%82%BD%E3%83%95%E3%83%88,Q11320972
,,,,JP,ｆｏｒ,,com,http://www.kiwi-us.com/~for/,,,
,,,,JP,ウエーブマスター,,com,http://www.wave-master.com/,,,
,,,,JP,マトリックス,Japan,jp,http://www.lares.dti.ne.jp/~matrix/index.html,,https://ja.wikipedia.org/wiki/%E3%83%9E%E3%83%88%E3%83%AA%E3%83%83%E3%82%AF%E3%82%B9_(%E3%82%B2%E3%83%BC%E3%83%A0%E4%BC%9A%E7%A4%BE),Q2985996
,,,,JP,ミンク,Japan,jp,http://www.mink.co.jp/,,,
,,,,JP,戯画,,com,http://www.web-giga.com/,,https://ja.wikipedia.org/wiki/%E6%88%AF%E7%94%BB_(%E3%83%96%E3%83%A9%E3%83%B3%E3%83%89),Q871504
,,,,JP,サラマンダー・ファクトリー,Japan,jp,http://www.salamander.co.jp/,,,
,,,,JP,渡辺製作所,Japan,jp,http://www2s.biglobe.ne.jp/~k_wata/,,https://ja.wikipedia.org/wiki/%E6%B8%A1%E8%BE%BA%E8%A3%BD%E4%BD%9C%E6%89%80,Q6500121
,,,,JP,ニトロプラス,,net,http://www.nitroplus.net/,,https://ja.wikipedia.org/wiki/%E3%83%8B%E3%83%88%E3%83%AD%E3%83%97%E3%83%A9%E3%82%B9,Q1092500
,,,,JP,コーエー,Japan,jp,http://www.koei.co.jp/,,https://ja.wikipedia.org/wiki/%E3%82%B3%E3%83%BC%E3%82%A8%E3%83%BC,Q845047
,,,,JP,日本クリエイト,Japan,jp,http://www.nihon-create.co.jp/,,,
,,,,JP,季節の日,Japan,jp,http://www.amigo.ne.jp/~okumura/index.html,,,
,,,,,GEMEINSCHAFT OFFICIAL WEB SITE,Japan,jp,http://www.gemeinschaft.jp/,,,
,,,,JP,HiRoBA,Japan,jp,http://www.blk.mmtr.or.jp/~hi-ro/,,,
,,,,JP,アボガドパワーズ,Japan,jp,http://www.scarecrow.co.jp/,,,
,,,,JP,日本囲碁ソフト,Japan,jp,http://www.igosoft.co.jp/,,,
,,,,JP,サイバーワークス,Japan,jp,http://www.cyberworks.co.jp/,,,
,,,,,セグエ　ラボラトリー,Japan,jp,http://www.segue-lab.co.jp/,,,
,,,,JP,アイデアファクトリー,Japan,jp,http://www.ideaf.co.jp/,,https://ja.wikipedia.org/wiki/%E3%82%A2%E3%82%A4%E3%83%87%E3%82%A2%E3%83%95%E3%82%A1%E3%82%AF%E3%83%88%E3%83%AA%E3%83%BC,Q2985270
,,,,,バーサーカー,Japan,jp,http://www.berserker.co.jp/,,,
,,,,JP,たぬきちの部屋,Japan,jp,http://www1.odn.ne.jp/~aab98600/,,,
,,,,JP,パンドラボックス,Japan,jp,http://www.pandorabox.co.jp/,,,
,,,,,リネージュ記者クラブ,Christmas Island,cx,http://kisha.ath.cx/,,,
,,,,,モバイル２１,Japan,jp,http://www.mobile21.co.jp/,,https://ja.wikipedia.org/wiki/%E3%83%A2%E3%83%90%E3%82%A4%E3%83%AB21,Q6886758
,,,,JP,バンダイ,Japan,jp,http://www.bandai.co.jp/,,https://ja.wikipedia.org/wiki/%E3%83%90%E3%83%B3%E3%83%80%E3%82%A4,Q507269
,,,,,アクティブ,Japan,jp,http://www.active-soft.jp/,,,
,,,,JP,無料のゲーム屋さん『ふりーむ！』,Japan,jp,http://www.freem.ne.jp/,,,
,,,,JP,株式会社ウインズ,Japan,jp,http://www.winds-net.co.jp,,,
,,,,JP,リネージュ２ The 攻略,Japan,jp,http://line2.daa.jp/,,,
,,,,,[ExLove-3D OnlineGame]バーチャル出会いの広場,Japan,jp,http://www.exlove.co.jp,,,
,,,,JP,ピー・ソフトハウス,Japan,jp,http://www.psoft.co.jp/,,,
,,,,JP,プログレス,Japan,jp,http://www.pg-net.co.jp/~progress/index.html,,,
,,,,JP,おサル講座,Japan,jp,http://www.netsphere.jp/dxinfo/,,,
,,,,JP,ロボット,Japan,jp,http://www.robot.co.jp/,,,
,,,,JP,ラ・コル,Japan,jp,http://www.people.or.jp/~moegi/,,,
,,,,JP,サクセス,Japan,jp,http://www.success-corp.co.jp/,,https://ja.wikipedia.org/wiki/%E3%82%B5%E3%82%AF%E3%82%BB%E3%82%B9_(%E3%82%B2%E3%83%BC%E3%83%A0%E4%BC%9A%E7%A4%BE),Q1091035
,,,,,フォグ,Japan,jp,http://www.fog.co.jp/,,,
,,,,JP,イー・ステーション,Japan,jp,http://www.e-station.ne.jp/,,,
,,,,,ディープスペース,Japan,jp,http://deepspace.scei.co.jp/,,,
,,,,JP,ケイブ,Japan,jp,http://www.cave.co.jp/,,https://ja.wikipedia.org/wiki/%E3%82%B1%E3%82%A4%E3%83%96,Q2495040
,,,,JP,タクティクス,Japan,jp,http://www.tactics.co.jp/,,,
,,,,JP,フレイム,Japan,jp,http://www.remus.dti.ne.jp/~flame/,,,
,,,,,アンフィニ,Japan,jp,http://enfini.product.co.jp/,,,
,,,,JP,トミー,Japan,jp,http://www.tomy.co.jp/,,,
,,,,JP,日本ビクター,Japan,jp,http://www.jvc-victor.co.jp/,,,
,,,,,GEMEINSCHAFT OFFICIAL WEB SITE,Japan,jp,http://www.gemeinschaft.jp/,,,
,,,,JP,シラコヤ,Japan,jp,http://www.d2.dion.ne.jp/~sanza/top.html,,,
,,,,JP,創作プログラミングの館,Japan,jp,http://lcl.web5.jp/prog/,,,
,,,,JP,ザウス,Japan,jp,http://www.xuse.co.jp/,,,
,,,,,レックス,Japan,jp,http://rex.product.co.jp/,,,
,,,,JP,空想科学,Japan,jp,http://www.kuusou.co.jp/,,,
,,,,JP,タイトー,Japan,jp,http://www.taito.co.jp/,,https://ja.wikipedia.org/wiki/%E3%82%BF%E3%82%A4%E3%83%88%E3%83%BC,Q1054844
,,,,JP,リネージュ攻略通信,Japan,jp,http://www6.plala.or.jp/mk2/game/line/,,,
,,,,US,キャメロット,,com,http://www.camelot-soft.com/,,https://ja.wikipedia.org/wiki/%E3%82%AD%E3%83%A3%E3%83%A1%E3%83%AD%E3%83%83%E3%83%88_(%E3%82%B2%E3%83%BC%E3%83%A0%E4%BC%9A%E7%A4%BE),Q684780
,,,,JP,Ｔｏｒｏ’Ｓ　ＨｏＭｅ　ＰａＧｅ,Japan,jp,http://www1.mahoroba.ne.jp/~toro/,,,
,,,,,POCHOMUKIN,Japan,jp,http://www1.ocn.ne.jp/~furudori/,,,
,,,,,ドールハウス,Japan,jp,http://www.dollhouse.co.jp/,,,
,,,,,アクアウェイブ,Japan,jp,http://www.aquawave.co.jp/,,,
,,,,,サイク,Japan,jp,http://www.cyc-soft.co.jp/,,,
,,,,,システムロゼ,Japan,jp,http://www.rose.gr.jp/,,,
,,,,JP,アイル,,com,http://www.ail-soft.com/,,,
,,,,JP,エレメント,Japan,jp,http://www.escude.co.jp/,,,
,,,,,ディスカバリー,,com,http://discovery-team.com/,,,
,,,,US,ディーエルサイトコム,,com,http://www.dlsite.com/,,,
,,,,JP,マイクロビジョン,Japan,jp,http://www.microvision.co.jp/,,,
,,,,,ネットビレッジ,Japan,jp,http://eveonline.netvillage.ne.jp/,,,
,,,,,バイオックス,Japan,jp,http://www.biox.co.jp/,,,
,,,,JP,イリュージョン,Japan,jp,http://www.illusion.co.jp/,,,
,,,,JP,ウエストン,Japan,jp,http://www.westone.co.jp/,,,
,,,,,Colors,Japan,jp,http://www.hue.co.jp/colors/,,,
,,,,,セタ,Japan,jp,http://www.seta.co.jp/,,,
,,,,JP,ビジュアルアーツ,Japan,jp,http://visualarts.product.co.jp/,,https://ja.wikipedia.org/wiki/%E3%83%93%E3%82%B8%E3%83%A5%E3%82%A2%E3%83%AB%E3%82%A2%E3%83%BC%E3%83%84,Q1148541
,,,,JP,Light,Japan,jp,http://www.light.gr.jp/,,,
,,,,US,ゲームリサイクルGAME77,Japan,jp,http://www.game77.jp/,,,
,,,,JP,ナウプロダクション,Japan,jp,http://www.nowpro.co.jp/,,https://ja.wikipedia.org/wiki/%E3%83%8A%E3%82%A6%E3%83%97%E3%83%AD%E3%83%80%E3%82%AF%E3%82%B7%E3%83%A7%E3%83%B3,Q7065431
,,,,JP,リネージュオンライン,Japan,jp,http://www1.lineageonline.jp/top/index.shtml,,,
,,,,JP,魔法株式会社,Japan,jp,http://www.mahou.co.jp/,,,
,,,,JP,アクトレス,Japan,jp,http://www.actress.ne.jp/,,,
,,,,JP,ＣＲＯＷＤ,Japan,jp,http://www.lares.dti.ne.jp/~crowd/,,,
,,,,,レックス,Japan,jp,http://rex.product.co.jp/,,,
,,,,JP,サクラ大戦関連ＨＰ検索機「けんさくくん」,Japan,jp,http://www.sam.hi-ho.ne.jp/edo-qn/,,,
,,,,JP,びーにゃん,,com,http://www.r18game.com/beenyan/,,,
,,,,,日本物産,Japan,jp,http://www.nichibutsu.co.jp/,,https://ja.wikipedia.org/wiki/%E6%97%A5%E6%9C%AC%E7%89%A9%E7%94%A3,Q1637338
,,,,,すきやきのゲームアルゴリズムとゲームプログラミング,Japan,jp,http://www.c3.club.kyutech.ac.jp/~sukiyaki/,,,
,,,,JP,ケムコ,,com,http://www.kemco-games.com/,,https://ja.wikipedia.org/wiki/%E3%82%B1%E3%83%A0%E3%82%B3,Q174561
,,,,,ＥＺＯ－ＮＩＣＫ　ＯＦＦＩＣＩＡＬ　ＷＥＢ　ＳＩＴＥ,,com,http://www.ezonick.com/,,,
,,,,JP,カプコン,Japan,jp,http://www.capcom.co.jp/,,https://ja.wikipedia.org/wiki/%E3%82%AB%E3%83%97%E3%82%B3%E3%83%B3,Q14428
,,,,,林組,Japan,jp,http://www.oresama.co.jp/,,,
,,,,,3D Realms,,com,http://www.3drealms.com/,,,
,,,,,ゼウス,Japan,jp,http://www.zeus.gr.jp/,,,
,,,,JP,イージーオー,Japan,jp,http://ego.product.co.jp/,,,
,,,,,Ｂｉｏ　１００％,Japan,jp,http://www.bio100.co.jp/,,,
,,,,JP,日本テレネット,Japan,jp,http://www.telenet.co.jp/games/,,https://ja.wikipedia.org/wiki/%E6%97%A5%E6%9C%AC%E3%83%86%E3%83%AC%E3%83%8D%E3%83%83%E3%83%88_(%E3%82%B2%E3%83%BC%E3%83%A0%E4%BC%9A%E7%A4%BE),Q3177903
,,,,,POCHOMUKIN,Japan,jp,http://www1.ocn.ne.jp/~furudori/,,,
,,,,,ライズ,Japan,jp,http://www.cosmos.co.jp/rise/,,,
,,,,US,アイキ,,net,http://www.aiky.net/,,,
,,,,JP,ナムコ,Japan,jp,http://www.namco.co.jp/,,https://ja.wikipedia.org/wiki/%E3%83%8A%E3%83%A0%E3%82%B3,Q309996
,,,,JP,キングレコード,Japan,jp,http://www.kingrecords.co.jp/,,,
,,,,US,DOIchan!'s Home Stadium,,com,http://www.bigfoot.com/~doichan/,,,
,,,,,DALL,Japan,jp,http://www.dall.co.jp/,,,
,,,,JP,StudioGIW（スタジオギウ）,Japan,jp,http://www.page.sannet.ne.jp/m-sky/game/,,,
,,,,,Ｈｏｏｋ,Japan,jp,http://www.ting.co.jp/hook/,,,
,,,,JP,Pastime,Japan,jp,http://www.pastime.ne.jp/,,,
,,,,JP,デルファイア,,com,http://izariuo.s12.xrea.com/,,,
,,,,JP,ｊｉｔｔａ's smith,Japan,jp,http://www.aurora.dti.ne.jp/%257Ejitta/,,,
,,,,,ＳＯＦＴＭＡＸ,South Korea,kr,http://www.softmax.co.kr/,,,
,,,,JP,角川書店,Japan,jp,http://www.kadokawa.co.jp/,,,
,,,,JP,ニュー,Japan,jp,http://www.new.co.jp/,,,
,,,,JP,ゲーム音楽制作　有限会社ノイジークローク,Japan,jp,http://www.noisycroak.co.jp/,,,
,,,,JP,ミンク,Japan,jp,http://www.mink.co.jp/,,,
,,,,JP,灯～ともしび～,,net,http://www.tomoshibi.net/,,,
,,,,JP,ソニーコンピュータエンタテイメント,Japan,jp,http://www.scei.co.jp/,,https://ja.wikipedia.org/wiki/%E3%82%BD%E3%83%8B%E3%83%BC%E3%83%BB%E3%82%B3%E3%83%B3%E3%83%94%E3%83%A5%E3%83%BC%E3%82%BF%E3%82%A8%E3%83%B3%E3%82%BF%E3%83%86%E3%82%A4%E3%83%A1%E3%83%B3%E3%83%88,Q18594
,,,,AU,テリオス,,net,http://www.terios.net/,,,
,,,,JP,ジュピター,Japan,jp,http://www.jupiter.co.jp/,,https://ja.wikipedia.org/wiki/%E3%82%B8%E3%83%A5%E3%83%94%E3%82%BF%E3%83%BC_(%E3%82%B2%E3%83%BC%E3%83%A0%E4%BC%9A%E7%A4%BE),Q2613004
,,,,JP,OWN RAGNAROK,,com,http://yokaichi.com/ro/,,,
,,,,JP,レイアップ,Japan,jp,http://www.layup.co.jp/,,,
,,,,JP,クルマレテル,Japan,jp,http://kur-mar-ter.product.co.jp/,,,
,,,,JP,MASTER LOM,Japan,jp,http://hc7.seikyou.ne.jp/home/master-lom/,,,
,,,,JP,メディアクリエイト,,com,http://www.m-create.com/,,,
,,,,JP,アクアプラス・リーフ,Japan,jp,http://www.aquaplus.co.jp/,,,
,,,,,マーズ,Japan,jp,http://www.linda3.co.jp/,,,
,,,,,アテナ,Japan,jp,http://www.athena-game.co.jp/,,,
,,,,JP,オルカプロダクション,Japan,jp,http://www.orca.co.jp/index.html,,,
,,,,,辰巳電子工業（株）,Japan,jp,http://www02.so-net.ne.jp/~tatsumi/game/index.htm,,,
,,,,JP,天津堂,Japan,jp,http://www.softpal.co.jp/tenshindo/index.html,,,
,,,,JP,アイボリー,Japan,jp,http://www.ivory.co.jp/,,,
,,,,JP,メカニック・アームズ,Japan,jp,http://www.lares.dti.ne.jp/~marms/,,,
,,,,,ケージ,Japan,jp,http://www.runesoft.co.jp/cage/,,,
,,,,JP,システム　サコム,Japan,jp,http://www.sacom.co.jp/,,,
,,,,JP,Lineage ビーグル情報館,,org,http://www.hibiki.org/lineage/,,,
,,,,,ボーステック,Japan,jp,http://www.bothtec.co.jp/,,,
,,,,,エンジェルスマイル,Japan,jp,http://www.cd-bros.co.jp/coolcrew/,,,
,,,,JP,ぱじゃまソフト,Japan,jp,http://www.pajamas.ne.jp/,,,
,,,,JP,ハドソン,Japan,jp,http://www.hudson.co.jp/,,,
,,,,JP,ルネ,Japan,jp,http://www.marigold.co.jp/lune/,,,
,,,,JP,電脳映像製作所,Japan,jp,http://www.osk.3web.ne.jp/~denn/,,,
,,,,,スタジオオックス,Japan,jp,http://www.stox.co.jp/,,,
,,,,JP,ヴィジット,Japan,jp,http://www.visit.co.jp/,,,
,,,,AU,すたじおみりす,,com,http://studio-miris.com/,,,
,,,,JP,美蕾,,com,http://www.mirai-soft.com/,,https://ja.wikipedia.org/wiki/%E7%BE%8E%E8%95%BE,Q11609342
,,,,,ＡＱな世界,Japan,jp,http://www03.u-page.so-net.ne.jp/zb3/ohm163/www03.u-page.so-net.ne.jp/,,,
,,,,,PokeGame,Japan,jp,http://pokegame.cool.ne.jp/,,,
,,,,,ベック,Japan,jp,http://www.bec.co.jp/,,,
,,,,JP,携帯アプリ開発のエボルブ,Japan,jp,http://evolve.ne.jp/app-asp/,,,
,,,,JP,GA・I・A,Japan,jp,http://gaia.direct.ne.jp/%20,,,
,,,,JP,ソニックパワード,Japan,jp,http://www.sonicpowered.co.jp/,,,
,,,,JP,クルマレテル,Japan,jp,http://kur-mar-ter.product.co.jp/,,,
,,,,,ワッフル,Japan,jp,http://www.wattle.co.jp/,,,
,,,,,アイジーエス,Japan,jp,http://home.igs.co.jp/games/,,,
,,,,JP,スタジオとうふ,Japan,jp,http://f34.aaa.livedoor.jp/~tofuis/,,,
,,,,JP,Ragnarok Library,Japan,jp,http://ro-poring.hp.infoseek.co.jp/,,,
,,,,,林組,Japan,jp,http://www.oresama.co.jp/,,,
,,,,JP,卯月の図書館,Japan,jp,http://www.ne.jp/asahi/uzuki/library/index.html,,,
,,,,JP,Piaキャロット横浜店,Japan,jp,http://www2s.biglobe.ne.jp/~shiroh/,,,
,,,,JP,エレクトロニック・アーツ・スクエア,,com,http://www.japan.ea.com/,,,
,,,,JP,ラグナロックオンライン,Japan,jp,http://www.ragnarokonline.jp/,,,
,,,,IT,オールスフィア,,net,http://www.all-sphere.net/,,,
,,,,,マイクロマウス,Japan,jp,http://www.micromouse.co.jp/,,,
,,,,JP,ＮＯＩＺＥ,,com,http://www.kiwi-us.com/~noise/,,,
,,,,,ディスカバリー,,com,http://discovery-team.com/,,,
,,,,,ギャルゲドットコム,,com,http://www.galge.com/,,,
,,,,DE,リセアン,,com,http://www.lyceen.com/,,,
,,,,JP,バンダイビジュアル,Japan,jp,http://emotion.bandai.co.jp/,,,
,,,,,Ｆａｎｇ ＆ Ｆａｃｔｏｒ,Japan,jp,http://www.optltd.co.jp/,,,
,,,,JP,スタジオ・パンドラ,Japan,jp,http://www.stpandora.co.jp/,,,
,,,,JP,イメージクラブ,Japan,jp,http://www.phoenix-c.or.jp/arkham/i-club/,,,
,,,,,DENSI 2!,Japan,jp,http://www.realdigital.co.jp/densi2/index.html,,,
,,,,,EOLITH,South Korea,kr,http://www.eolith.co.kr/,,,
,,,,,悠紀エンタープライズ,Japan,jp,http://www.yuki-web.co.jp/,,,
,,,,JP,マスターピース,Japan,jp,http://www.masterpiece.co.jp/,,,
,,,,JP,キットピーク,Japan,jp,http://www.kittpeak.co.jp/,,,
,,,,,Javaでゲーム作りますが何か？,Japan,jp,http://javagame.main.jp/,,,
,,,,,レイフォース,Japan,jp,http://rayforce.nsrf.co.jp/,,,
,,,,JP,クラフトワーク,Japan,jp,http://craftwork.product.co.jp/,,,
,,,,JP,セガロッソ,,com,http://www.segarosso.com/,,https://ja.wikipedia.org/wiki/%E3%82%BB%E3%82%AC%E3%83%BB%E3%83%AD%E3%83%83%E3%82%BD,Q10369375
,,,,,ジェネックス,Japan,jp,http://www.generation-x.co.jp/,,,
,,,,JP,イメージワークス,Japan,jp,http://www.imageworks.co.jp/,,,
,,,,JP,アリスブルー,Japan,jp,http://www.alicesoft.co.jp/boys/,,,
,,,,JP,ハル研究所,Japan,jp,http://www.hallab.co.jp/,,https://ja.wikipedia.org/wiki/%E3%83%8F%E3%83%AB%E7%A0%94%E7%A9%B6%E6%89%80,Q1068734
,,,,JP,ねんごろソフト,,com,http://www.nengollo.com/,,,
,,,,,ゼウス,Japan,jp,http://www.zeus.gr.jp/index.html,,,
,,,,JP,ニッコー電子,Japan,jp,http://www.ceres.dti.ne.jp/~nikko/,,,
,,,,,ゲットアイン,Japan,jp,http://www.get-ain.co.jp/,,,
,,,,JP,ズーム,Japan,jp,http://www.zoom-inc.co.jp/,,https://ja.wikipedia.org/wiki/%E3%82%BA%E3%83%BC%E3%83%A0_(%E3%82%B2%E3%83%BC%E3%83%A0%E4%BC%9A%E7%A4%BE),Q8074145
,,,,,トラヴュランス,Japan,jp,http://trb.cd-bros.co.jp/,,,
,,,,JP,彩-REAL,Japan,jp,http://www.geocities.co.jp/Playtown-Bingo/4065/index.html,,,
,,,,,ブラウニー,Japan,jp,http://www.brownie.co.jp/,,https://ja.wikipedia.org/wiki/%E3%83%96%E3%83%A9%E3%82%A6%E3%83%8B%E3%83%BC%E3%83%96%E3%83%A9%E3%82%A6%E3%83%B3,Q991149
,,,,,ＥＺＯ－ＮＩＣＫ　ＯＦＦＩＣＩＡＬ　ＷＥＢ　ＳＩＴＥ,,com,http://www.ezonick.com/,,,
,,,,JP,ともパラ,Tonga,to,http://www3.to/tomopara/,,,
,,,,JP,ソフパル,Japan,jp,http://www.softpal.co.jp/,,,
,,,,,ソシエッタ代官山,Japan,jp,http://www.societa.co.jp/,,,
,,,,JP,プロファイア,Japan,jp,http://www.profire.co.jp/,,,
,,,,,ＥＺＯ－ＮＩＣＫ　ＯＦＦＩＣＩＡＬ　ＷＥＢ　ＳＩＴＥ,,com,http://www.ezonick.com/,,,
,,,,JP,Light,Japan,jp,http://www.light.gr.jp/,,,
,,,,JP,ファルコン,Japan,jp,http://www.falconkk.co.jp/,,,
,,,,JP,テンキー,Japan,jp,http://www.tenky.co.jp/,,,
,,,,,ニューロン･エイジ,,net,http://www.neuron-age.net/,,,
,,,,US,スーパーワープ,,com,http://www.warp-jp.com/,,,
,,,,,音ゲー情報局 sound of game’s information,Japan,jp,http://okada.press.ne.jp/oto/,,,
,,,,JP,リネージュの基礎の基礎,Japan,jp,http://pine.zero.ad.jp/~zag86356/lineage/,,,
,,,,JP,スタンソフトウェア,Japan,jp,http://www.stan.co.jp/soft/,,,
,,,,JP,スタジオポラリス,Japan,jp,http://www.polaris.co.jp/,,,
,,,,,コナミミュージックオンライン,,com,http://www.konami-music.com/,,,
,,,,DE,有限会社Grand Prix　（グランプリ）,,com,http://www.gp-games.com,,,
,,,,JP,ウィンタース,,com,http://homepage2.nifty.com/winters/,,,
,,,,JP,Ｔｈｅ　Ｋｏｎｋｏｎ‘Ｚ　ｒｏｏｍ,Japan,jp,http://www.ons.ne.jp/~ima/Falcomz/index_falcom.htm,,,
,,,,JP,TEAM POPUP,Japan,jp,http://www.softpal.co.jp/popup/,,,
,,,,JP,メディアワークス,Japan,jp,http://www.mediaworks.co.jp/,,,
,,,,,バジル,Japan,jp,http://www.basil.co.jp/,,,
,,,,JP,パスカルのホームページ,Japan,jp,http://www.pascal.jp/,,,
,,,,JP,4gamer.net,,net,http://www.4gamer.net/,,,
,,,,JP,ツェナワークス,Japan,jp,http://www.zener.co.jp/,,,
,,,,,ステージ☆なな,Japan,jp,http://stage-nana.telnet.or.jp/,,,
,,,,,ＴＯ　ＢＥ,Japan,jp,http://www.lnp.co.jp/tobe/,,,
,,,,JP,リネージュオンライン,Japan,jp,http://www1.lineageonline.jp/top/index.shtml,,,
,,,,JP,ＩＬＡＬＩＡＲＴ,Japan,jp,http://ilaliart.sourceforge.jp,,,
,,,,,[ExLove-3D OnlineGame]バーチャル出会いの広場,Japan,jp,http://www.exlove.co.jp,,,
,,,,AU,テリオス,,net,http://www.terios.net/,,,
,,,,,GEMEINSCHAFT OFFICIAL WEB SITE,Japan,jp,http://www.gemeinschaft.jp/,,,
,,,,JP,アミューズメントヴィジョン,,com,http://www.amusementvision.com/,,https://ja.wikipedia.org/wiki/%E3%82%A2%E3%83%9F%E3%83%A5%E3%83%BC%E3%82%BA%E3%83%A1%E3%83%B3%E3%83%88%E3%83%B4%E3%82%A3%E3%82%B8%E3%83%A7%E3%83%B3,Q2655759
,,,,JP,タカラ,Japan,jp,http://www.takaratoys.co.jp/,,,
,,,,JP,トレジャー,Japan,jp,http://www.treasure-inc.co.jp/,,https://ja.wikipedia.org/wiki/%E3%83%88%E3%83%AC%E3%82%B8%E3%83%A3%E3%83%BC,Q1188050
,,,,US,エヌ・アイ・シー,,com,http://www.nic-j.com/,,,
,,,,,オメガミコット,Japan,jp,http://www.omega-micott.co.jp/,,,
,,,,,DALL,Japan,jp,http://www.dall.co.jp/,,,
,,,,JP,プライムシステム開発,Japan,jp,http://www.psd.co.jp/~psdmm/,,,
,,,,JP,ユークス,Japan,jp,http://www.yukes.co.jp/,,https://ja.wikipedia.org/wiki/%E3%83%A6%E3%83%BC%E3%82%AF%E3%82%B9,Q1923795
,,,,JP,アトリエかぐや,,com,http://www.a-kaguya.com/,,,
,,,,JP,リッツ,Japan,jp,http://www.rits.co.jp/,,,
,,,,JP,ストーンヘッズ,Japan,jp,http://www.stoneheads.co.jp/,,,
,,,,US,スマイルビット,,com,http://www.smilebit.com/,,https://ja.wikipedia.org/wiki/%E3%82%B9%E3%83%9E%E3%82%A4%E3%83%AB%E3%83%93%E3%83%83%E3%83%88,Q20505844
,,,,JP,Bonbee!,Japan,jp,http://bonbee.product.co.jp/,,,
,,,,JP,秀和システム,Japan,jp,http://www.shuwasystem.co.jp/,,,
,,,,JP,ENCOUNTER,Japan,jp,http://www.geocities.jp/pgm513/,,,
,,,,JP,アクトレス,Japan,jp,http://www.actress.ne.jp/,,,
,,,,JP,U・Me SOFT,Japan,jp,http://www.ume.gr.jp/,,,
,,,,JP,うるうる,Japan,jp,http://www2s.biglobe.ne.jp/~aeg/uo/,,,
,,,,,Fishcafe,Japan,jp,http://fishcafe.suki.gr.jp/,,,
,,,,JP,NTT出版,Japan,jp,http://www.nttpub.co.jp/,,,
,,,,JP,GA・I・A,Japan,jp,http://gaia.direct.ne.jp/%20,,,
,,,,JP,ドリームファクトリー,Japan,jp,http://www.drf.co.jp/,,https://ja.wikipedia.org/wiki/%E3%83%89%E3%83%AA%E3%83%BC%E3%83%A0%E3%83%95%E3%82%A1%E3%82%AF%E3%83%88%E3%83%AA%E3%83%BC_(%E4%BC%81%E6%A5%AD),Q3039230
,,,,JP,インタージオ,Japan,jp,http://www.zodiac.co.jp/,,,
,,,,JP,r.,Japan,jp,http://www.aaru.co.jp/,,,
,,,,,バーサーカー,Japan,jp,http://www.berserker.co.jp/,,,
,,,,,TOPCAT,Turks and Caicos Islands,tc,http://www.topcat.tc/,,,
,,,,,ネバーランドカンパニー,Japan,jp,http://www.n-land.co.jp/,,,
,,,,US,DOIchan!'s Home Stadium,,com,http://www.bigfoot.com/~doichan/,,,
,,,,NL,任天堂,Japan,jp,http://www.nintendo.co.jp/,,https://ja.wikipedia.org/wiki/%E4%BB%BB%E5%A4%A9%E5%A0%82,Q8093
,,,,JP,ヴァンテアンシステムズ,Japan,jp,http://www.vsc-g.co.jp/,,,
,,,,JP,MAGURO ONLINE,Japan,jp,http://www2s.biglobe.ne.jp/~maekawa/index.htm,,,
,,,,NL,マイクロソフト,,com,http://www.microsoft.com/japan/games/,,,
,,,,JP,インティ・クリエイツ,Japan,jp,http://www.inti.co.jp/,,https://ja.wikipedia.org/wiki/%E3%82%A4%E3%83%B3%E3%83%86%E3%82%A3%E3%83%BB%E3%82%AF%E3%83%AA%E3%82%A8%E3%82%A4%E3%83%84,Q9290601
,,,,,システムロゼ,Japan,jp,http://www.rose.gr.jp/,,,
,,,,JP,シー・ラボ,Japan,jp,http://www.c-lab.co.jp/,,,
,,,,,アイフォー,Japan,jp,http://www.ifour.co.jp/,,,
,,,,JP,トライエース,Japan,jp,http://www.tri-ace.co.jp/,,https://ja.wikipedia.org/wiki/%E3%83%88%E3%83%A9%E3%82%A4%E3%82%A8%E3%83%BC%E3%82%B9,Q284989
,,,,JP,ファーイースト・アミューズメント・リサーチ,Japan,jp,http://www.fear.co.jp/,,,
,,,,,ペーパームーン,Japan,jp,http://www.pmoon.co.jp/,,,
,,,,JP,テックアーツ,Japan,jp,http://www.teck.co.jp/,,,
,,,,JP,創作プログラミングの館,Japan,jp,http://lcl.web5.jp/prog/,,,
,,,,JP,美少女ゲーム総合情報サイト お兄様はいじめっ子,Japan,jp,http://www7.plala.or.jp/adis/,,,
,,,,JP,ティアラ,Japan,jp,http://www.cyborg.ne.jp/~jast/tiare/,,,
,,,,JP,アンカー,Japan,jp,http://www.anchorinc.co.jp/,,,
,,,,JP,コナミ,Japan,jp,http://www.konami.co.jp/,,https://ja.wikipedia.org/wiki/%E3%82%B3%E3%83%8A%E3%83%9F%E3%83%9B%E3%83%BC%E3%83%AB%E3%83%87%E3%82%A3%E3%83%B3%E3%82%B0%E3%82%B9,Q45700
,,,,JP,声優みる出演作,Japan,jp,http://sister.chu.jp/,,,
,,,,JP,ヒューネックス,Japan,jp,http://www.hunex.co.jp/,,https://ja.wikipedia.org/wiki/%E3%83%92%E3%83%A5%E3%83%BC%E3%83%8D%E3%83%83%E3%82%AF%E3%82%B9,Q5942495
,,,,JP,創美研究所,Japan,jp,http://sohbi.neko.ne.jp/,,,
,,,,US,ボンバーエクスプレス,Japan,jp,http://www.bomber.co.jp/,,,
,,,,JP,インテリジェントシステムズ,Japan,jp,http://www.intsys.co.jp/,,https://ja.wikipedia.org/wiki/%E3%82%A4%E3%83%B3%E3%83%86%E3%83%AA%E3%82%B8%E3%82%A7%E3%83%B3%E3%83%88%E3%82%B7%E3%82%B9%E3%83%86%E3%83%A0%E3%82%BA,Q150001
,,,,JP,サイレンス,Japan,jp,http://www.silence.co.jp/,,,
,,,,JP,アスク,Japan,jp,http://www.ask-digital.co.jp/,,,
,,,,JP,マッスルタッグマッチ攻略,,com,http://www.950000.com/muscle/tagmatch/,,,
,,,,JP,気まぐれソフトハウス,Japan,jp,http://wind-master.dip.jp/soft-info/,,,
,,,,,ｇｕｎｂｏｙ’ｓ　ＨＯＭＥＰＡＧＥ,Japan,jp,http://www.click.or.jp/~gunboy/,,,
,,,,JP,アセンブラージュ,Japan,jp,http://www.assemblage.co.jp/,,,
,,,,JP,アニメインターナショナルカンパニー,,com,http://www.anime-int.com/,,,
,,,,JP,創美研究所,Japan,jp,http://sohbi.neko.ne.jp/,,,
,,,,JP,灯～ともしび～,,net,http://www.tomoshibi.net/,,,
,,,,JP,Load to...,Japan,jp,http://www.geocities.co.jp/SiliconValley-Bay/8490/,,,
,,,,JP,レイウ゛,Japan,jp,http://www.remus.dti.ne.jp/~rave-aki/,,,
,,,,JP,アクワイア,Japan,jp,http://www.acquire.co.jp/,,https://ja.wikipedia.org/wiki/%E3%82%A2%E3%82%AF%E3%83%AF%E3%82%A4%E3%82%A2_(%E3%82%B2%E3%83%BC%E3%83%A0%E4%BC%9A%E7%A4%BE),Q481968
,,,,,メディアリング,Japan,jp,http://www.mrc.mpi-mrc.co.jp/,,https://ja.wikipedia.org/wiki/%E3%83%A1%E3%83%87%E3%82%A3%E3%82%A2%E3%83%AA%E3%83%B3%E3%82%B0,Q6805537
,,,,,ウィッチ,Japan,jp,http://www.witch.gr.jp/,,,
,,,,,クレスト・ワークス,Japan,jp,http://www.crest-w.jp,,,
,,,,JP,シグナルトーク・コーポレーション,,com,http://www.signaltalk.com/,,,
,,,,,１３ｃｍ,Japan,jp,http://13cm.product.co.jp/,,,
,,,,JP,クリーチャーズ,Japan,jp,http://www.creatures.co.jp/,,https://ja.wikipedia.org/wiki/%E3%82%AF%E3%83%AA%E3%83%BC%E3%83%81%E3%83%A3%E3%83%BC%E3%82%BA,Q512003
,,,,,エイビーハウス,Japan,jp,http://www.abh.ne.jp/,,,
,,,,JP,スタジオライン,Japan,jp,http://www.st-line.co.jp/,,,
,,,,JP,Atelier Minute,Japan,jp,http://plaza20.mbn.or.jp/~illust/,,,
,,,,DE,フウキグループ公式web,,com,http://www.fuuki.com/,,,
,,,,JP,PlayStation.com,,com,http://www.jp.playstation.com/,,,
,,,,US,シノミクス,,com,http://www.cinomix.com/,,,
,,,,JP,ＪＡＤＥ,Japan,jp,http://www.beco.comlink.ne.jp/,,,
,,,,,キャラメルポット,Japan,jp,http://www.caramelpot.co.jp/,,,
,,,,JP,翔泳社,Japan,jp,http://www.shoeisha.co.jp/,,https://ja.wikipedia.org/wiki/%E7%BF%94%E6%B3%B3%E7%A4%BE,Q7500035
,,,,JP,____学園三国志ファンページ____,Japan,jp,http://s1.kcn-tv.ne.jp/users/syo/gaku3fan/index.html,,,
,,,,,アップルパイ,,com,http://www.applepie.ab.psiweb.com/cgi-bin/index.html,,,
,,,,,ソフィア,Japan,jp,http://www.a-sophia.co.jp/,,,
,,,,,１３ｃｍ,Japan,jp,http://13cm.product.co.jp/,,,
,,,,JP,スピーシャス,Japan,jp,http://www.softpal.co.jp/specious/index.html,,,
,,,,,アンフィニ,Japan,jp,http://enfini.product.co.jp/,,,
,,,,JP,元気,Japan,jp,http://www.genki.co.jp/,,https://ja.wikipedia.org/wiki/%E5%85%83%E6%B0%97_(%E3%82%B2%E3%83%BC%E3%83%A0%E4%BC%9A%E7%A4%BE),Q1502293
,,,,,ギャルゲドットコム,,com,http://www.galge.com/,,,
,,,,,ろむすけのイラスト缶,Japan,jp,http://www20.freeweb.ne.jp/play/romsuke/,,,
,,,,JP,MBS TRUTH,Japan,jp,http://www.teck.co.jp/truth/,,,
,,,,JP,PCゲームダウンロードサイト・BB5,Japan,jp,http://www.bb5.jp/game/top/top.php,,,
,,,,JP,MMORPG「幻創遊記」30日間無料,Japan,jp,http://mme.netdragon.jp/,,,
,,,,,ヒットメーカー,Japan,jp,http://www.hitmaker.co.jp/,,https://ja.wikipedia.org/wiki/%E3%83%92%E3%83%83%E3%83%88%E3%83%A1%E3%83%BC%E3%82%AB%E3%83%BC_(%E3%82%BB%E3%82%AC),Q3082031
,,,,JP,イーチーム,,com,http://www.i-e-team.com/,,,
,,,,JP,Ｄ．Ｏ,Japan,jp,http://www.do-game.co.jp/,,,
,,,,JP,ゼネラル　エンタテイメント,Japan,jp,http://www.genet.co.jp/,,https://ja.wikipedia.org/wiki/%E3%82%BC%E3%83%8D%E3%83%A9%E3%83%AB%E3%83%BB%E3%82%A8%E3%83%B3%E3%82%BF%E3%83%86%E3%82%A4%E3%83%A1%E3%83%B3%E3%83%88,Q5531890
,,,,JP,私のおもちゃ箱,Japan,jp,http://www005.upp.so-net.ne.jp/h-masuda/index.html,,,
,,,,JP,戯作座,Japan,jp,http://www.gesakuza.co.jp/,,,
,,,,JP,エポック社,Japan,jp,http://www.epoch.gr.jp/,,,
,,,,JP,エキップメント,Japan,jp,http://www.equip-ment.co.jp,,,
,,,,JP,フロントウィング,Japan,jp,http://www.frontwing.co.jp/,,,
,,,,JP,コト,Japan,jp,http://www.koto.co.jp/,,,
,,,,,デジタルウェア,Japan,jp,http://www.digitalware.co.jp/,,,
,,,,JP,ゲームアーツ,Japan,jp,http://www.gamearts.co.jp/,,https://ja.wikipedia.org/wiki/%E3%82%B2%E3%83%BC%E3%83%A0%E3%82%A2%E3%83%BC%E3%83%84,Q1493042
,,,,JP,サイバーワークス,Japan,jp,http://www.cyberworks.co.jp/,,,
,,,,JP,ソフエル,Japan,jp,http://www.sofel.co.jp/,,,
,,,,JP,レッド・エンタテインメント,Japan,jp,http://red-entertainment.co.jp/,,https://ja.wikipedia.org/wiki/%E3%83%AC%E3%83%83%E3%83%89%E3%83%BB%E3%82%A8%E3%83%B3%E3%82%BF%E3%83%86%E3%82%A4%E3%83%B3%E3%83%A1%E3%83%B3%E3%83%88,Q564275
,,,,US,ディーエルサイトコム,,com,http://www.dlsite.com/,,,
,,,,JP,インフィニシス,Japan,jp,http://www.infinisys.co.jp/,,,
,,,,US,Ra.Se.N,,net,http://www.ra-sen.net/,,https://ja.wikipedia.org/wiki/Raven_Software,Q1062986
,,,,JP,イーゲーム,Japan,jp,http://www.e-game.co.jp/,,,
,,,,JP,彩-REAL,Japan,jp,http://www.geocities.co.jp/Playtown-Bingo/4065/index.html,,,
,,,,JP,季節の日,Japan,jp,http://www.amigo.ne.jp/~okumura/index.html,,,
,,,,JP,無料のゲーム屋さん『ふりーむ！』,Japan,jp,http://www.freem.ne.jp/,,,
,,,,,エルフ,Japan,jp,http://www.elf-game.co.jp/,,,
,,,,JP,クレスト,Japan,jp,http://www.crest-cs.co.jp/,,,
,,,,JP,季節の日,Japan,jp,http://www.amigo.ne.jp/~okumura/index.html,,,
,,,,,ＳＰ－７７７,,com,http://www.sp-777.com/,,,
,,,,,YS-Link,,com,http://ys-link.com/rank.cgi%3fmode%3dr_link%26id%3d16,,,
,,,,JP,エウシュリー,Japan,jp,http://www.phoenix-c.or.jp/~eushully/,,,
,,,,,ピーチ,Japan,jp,http://www.peach-hp.co.jp/,,,
,,,,US,PSYCHO,,com,http://www.nexton-cop.com/psycho/,,,
,,,,,アクティブ,Japan,jp,http://www.active-soft.jp/,,,
,,,,JP,クインテット,Japan,jp,http://www.quintet.co.jp/,,https://ja.wikipedia.org/wiki/%E3%82%AF%E3%82%A4%E3%83%B3%E3%83%86%E3%83%83%E3%83%88_(%E3%82%B2%E3%83%BC%E3%83%A0%E4%BC%9A%E7%A4%BE),Q1467154
,,,,JP,モノリスソフト,Japan,jp,http://www.monolithsoft.co.jp/,,https://ja.wikipedia.org/wiki/%E3%83%A2%E3%83%8E%E3%83%AA%E3%82%B9%E3%82%BD%E3%83%95%E3%83%88,Q1239326
,,,,JP,ココナッツジャパン,Japan,jp,http://www.coconuts.co.jp/,,,
,,,,JP,週刊フリーゲームWeb,Japan,jp,http://www15.plala.or.jp/game_web/,,,
,,,,JP,バップ,Japan,jp,http://www.vap.co.jp/,,,
,,,,,アールクラブ,Japan,jp,http://www.art-club.co.jp/,,,
,,,,,びんぼうソフト,Japan,jp,http://isweb11.infoseek.co.jp/play/bimboo/,,,
,,,,JP,Phantom_Killer,,com,http://ms40.s35.xrea.com/,,,
,,,,JP,クラップハンズ,Japan,jp,http://www.claphanz.co.jp/ClapHanz.htm,,https://ja.wikipedia.org/wiki/%E3%82%AF%E3%83%A9%E3%83%83%E3%83%97%E3%83%8F%E3%83%B3%E3%82%BA,Q2975455
,,,,JP,スピーシャス,Japan,jp,http://www.softpal.co.jp/specious/index.html,,,
,,,,JP,RagnarokFAN info,,info,http://www.ragnarokfan.info/,,,
,,,,JP,ダットジャパン,Japan,jp,http://www.datt.co.jp/,,,
,,,,JP,デルファイア,,com,http://izariuo.s12.xrea.com/,,,
,,,,JP,射雲堂　～Gagharv Trilogy～,Tonga,to,http://milo.pos.to/,,,
,,,,DE,リセアン,,com,http://www.lyceen.com/,,,
,,,,JP,ぷちゆ～み,Japan,jp,http://www.ume.gr.jp/petit/,,,
,,,,JP,アルモリカ,Japan,jp,http://www.geocities.co.jp/Playtown-Denei/1966/,,,
,,,,JP,トムクリエイト,Japan,jp,http://www.tomcreate.co.jp/,,,
,,,,JP,サンキョー,Japan,jp,http://www.sankyo-fever.co.jp/,,,
,,,,JP,ソニックチーム,,com,http://www.sonicteam.com/,,https://ja.wikipedia.org/wiki/%E3%82%BD%E3%83%8B%E3%83%83%E3%82%AF%E3%83%81%E3%83%BC%E3%83%A0,Q1140960
,,,,JP,インディーズゼロ,Japan,jp,http://www.indieszero.co.jp/,,https://ja.wikipedia.org/wiki/%E3%82%A4%E3%83%B3%E3%83%87%E3%82%A3%E3%83%BC%E3%82%BA%E3%82%BC%E3%83%AD,Q2482597
,,,,JP,ＳＰＳ,Japan,jp,http://www.sps.jp/home/estart.html,,,
,,,,JP,グローバルＡエンタテイメント,Japan,jp,http://www.gae.co.jp/,,,
,,,,,ソフトハウスキャラ,,com,http://www.shchara.com/index.html,,,
,,,,US,ビスコ,Japan,jp,http://www.visco.co.jp/,,,
,,,,JP,メガミ,Japan,jp,http://www.megami.co.jp/,,,
,,,,JP,ＥＲＲＯＲ　４０４,Japan,jp,http://www.asahi-net.or.jp/~ft6a-ootk/404/index404.htm,,,
,,,,JP,U・Me SOFT,Japan,jp,http://www.ume.gr.jp/,,,
,,,,JP,ＦＦ１１サーチエンジン,Japan,jp,http://www.interq.or.jp/world/bluenet/playonline/,,,
,,,,,スタジオメビウス,Japan,jp,http://www.studio-mebius.co.jp/,,,
,,,,JP,日本ソフテック,Japan,jp,http://www.n-softec.co.jp/,,,
,,,,JP,週刊フリーゲームWeb,Japan,jp,http://www15.plala.or.jp/game_web/,,,
,,,,,Stairs to the world,,com,http://www14.org1.com/~theworld/index.htm,,,
,,,,JP,サーカス,Japan,jp,http://www.nandemo.gr.jp/~circus/,,,
,,,,JP,株式会社AQインタラクティブ,Japan,jp,http://www.aqi.co.jp,,,
,,,,,ラグナロク☆ねっとわーく,Japan,jp,http://fana.cool.ne.jp/ro/,,,
,,,,,イージーモード,Japan,jp,http://www.hillfield.co.jp/easymode/,,,
,,,,JP,ラグナロックオンライン,Japan,jp,http://www.ragnarokonline.jp/,,,
,,,,,サイベル,Japan,jp,http://www.cybelle.co.jp/,,,
,,,,JP,ビー・ワークス,Japan,jp,http://b-works.product.co.jp/,,,
,,,,JP,パンサーソフトウェア,Japan,jp,http://www.panther.co.jp/,,https://ja.wikipedia.org/wiki/%E3%83%91%E3%83%B3%E3%82%B5%E3%83%BC%E3%82%BD%E3%83%95%E3%83%88%E3%82%A6%E3%82%A7%E3%82%A2,Q5357113
,,,,,ミスチフ,Japan,jp,http://mischief.product.co.jp/,,,
,,,,,ブラウニー・ブラウン,Japan,jp,http://www.br2.co.jp/,,https://ja.wikipedia.org/wiki/%E3%83%96%E3%83%A9%E3%82%A6%E3%83%8B%E3%83%BC%E3%83%96%E3%83%A9%E3%82%A6%E3%83%B3,Q991149
,,,,JP,VC++超初心者のホームページ,Japan,jp,http://cgi.members.interq.or.jp/gold/marken/,,,
,,,,JP,アリスソフト,Japan,jp,http://www.alicesoft.co.jp/,,https://ja.wikipedia.org/wiki/%E3%82%A2%E3%83%AA%E3%82%B9%E3%82%BD%E3%83%95%E3%83%88,Q1045037
,,,,JP,日本ファルコム,,com,http://www.falcom.com/,,https://ja.wikipedia.org/wiki/%E6%97%A5%E6%9C%AC%E3%83%95%E3%82%A1%E3%83%AB%E3%82%B3%E3%83%A0,Q1142226
,,,,JP,有限会社オービット,,com,http://www.orbit-soft.com/index.html,,,
,,,,,使魔学術研究団,Japan,jp,http://cross.site.ne.jp/,,,
,,,,JP,おサル講座,Japan,jp,http://www.netsphere.jp/dxinfo/,,,
,,,,JP,MASTER LOM,Japan,jp,http://hc7.seikyou.ne.jp/home/master-lom/,,,
,,,,JP,シュピール,Japan,jp,http://www.spielsoft.co.jp/,,,
,,,,,ゲーム攻略サイトリンク集,,com,http://gm.age-jp.com/,,,
,,,,JP,ヘキサ,Japan,jp,http://www.hexasoft.co.jp/,,,
,,,,,クロスゲート公式ＨＰ,Japan,jp,http://saru.square-enix.co.jp/crossgate/,,,
,,,,JP,日本シスコン,Japan,jp,http://www.syscom.co.jp/,,,
,,,,,ちぇりーそふと,Japan,jp,http://www.cherrysoft.co.jp/,,,
,,,,,クロスゲート公式ＨＰ,Japan,jp,http://saru.enix.co.jp/crossgate/index.html,,,
,,,,JP,クラフトワーク,Japan,jp,http://craftwork.product.co.jp/,,,
,,,,JP,マリオネット,Japan,jp,http://www.marionet.co.jp/,,,
,,,,,Ｄ’ｚ,Japan,jp,http://www.dz-net.gr.jp/,,,
,,,,JP,4gamer.net,,net,http://www.4gamer.net/,,,
,,,,JP,BISHOP,Japan,jp,http://www.bishop.gr.jp/,,,
,,,,JP,タムソフト,Japan,jp,http://www.tamsoft.co.jp/,,https://ja.wikipedia.org/wiki/%E3%82%BF%E3%83%A0%E3%82%BD%E3%83%95%E3%83%88,Q7681873
,,,,,スタジオオックス,Japan,jp,http://www.stox.co.jp/,,,
,,,,,呉ソフトウエア工房,Japan,jp,http://www.cosmos.co.jp/kure/,,https://ja.wikipedia.org/wiki/%E5%91%89%E3%82%BD%E3%83%95%E3%83%88%E3%82%A6%E3%82%A7%E3%82%A2%E5%B7%A5%E6%88%BF,Q6445840
,,,,JP,ゼロシステム,Japan,jp,http://www.zerosystem.co.jp/,,,
,,,,US,いろいろあります！「ゲーム屋さん」,Japan,jp,http://www.netorder.jp/shop/gameyasan/,,,
,,,,JP,うるうる,Japan,jp,http://www2s.biglobe.ne.jp/~aeg/uo/,,,
,,,,JP,丹陽,Japan,jp,http://www.picky.or.jp/user/tanyo/,,,
,,,,JP,裸足少女,Japan,jp,http://hadashi.product.co.jp/,,,
,,,,JP,サンソフト,Japan,jp,http://www.sun-denshi.co.jp/soft/index.html,,https://ja.wikipedia.org/wiki/%E3%82%B5%E3%83%B3%E3%82%BD%E3%83%95%E3%83%88,Q2298387
,,,,JP,「ちょっとコードなゲームの話」ページ,Japan,jp,http://www.shiojiri.ne.jp/~ky,,,
,,,,JP,インプラスのホームページ,Japan,jp,http://www.inplas.ne.jp/,,,
,,,,JP,ＫＴファクトリー,Japan,jp,http://www.ktfactory.co.jp/,,,
,,,,,catlike,Tonga,to,http://catlike.marchen.to/%20,,,
,,,,JP,ＺＥＲＯ,Japan,jp,http://zero.product.co.jp/,,,
,,,,,ウエップシステム,,com,http://www.uepsys.com/,,https://ja.wikipedia.org/wiki/%E3%82%A6%E3%82%A8%E3%83%83%E3%83%97%E3%82%B7%E3%82%B9%E3%83%86%E3%83%A0,Q3208757
,,,,,ちぇりーそふと,Japan,jp,http://www.cherrysoft.co.jp/,,,
,,,,JP,ガンホー,Japan,jp,http://www.gungho.jp/,,,
,,,,JP,猫でもわかるプログラミング,Japan,jp,http://www.kumei.ne.jp/c_lang/,,,
,,,,JP,リネージュジャパン,Japan,jp,http://www.biwa.ne.jp/~jansei/lineagejp.htm,,,
,,,,JP,ブロッコリー,Japan,jp,http://www.broccoli.co.jp/,,,
,,,,JP,EXCEED THE LIMIT!!,Japan,jp,http://plaza.rakuten.co.jp/exceedlimit/,,,
,,,,,Pochilong,,org,http://pochilong.hn.org/,,,
,,,,JP,サミー,Japan,jp,http://www.sammy.co.jp/,,,
,,,,JP,六面堂,,com,http://www.rokumendo.com/,,,
,,,,JP,アドアーズ,Japan,jp,http://www.adores.co.jp/,,,
,,,,JP,ローカス,Japan,jp,http://www.locus.co.jp/,,,
,,,,,美遊,Japan,jp,http://www.mu-game.co.jp/,,,
,,,,JP,窓の社,Japan,jp,http://www.forest.impress.co.jp/,,,
,,,,US,ヴァージン・インタラクティブ,,com,http://www.vie.com/,,,
,,,,JP,アートディンク,Japan,jp,http://www.artdink.co.jp/,,https://ja.wikipedia.org/wiki/%E3%82%A2%E3%83%BC%E3%83%88%E3%83%87%E3%82%A3%E3%83%B3%E3%82%AF,Q2864821
,,,,JP,HSPメーリングリスト,,net,http://garde.esprix.net/hsp-ml/,,,
,,,,JP,グラフィックス,,com,http://www.grafix-soft.com/,,,
,,,,,メディアエンタテイメント,Japan,jp,http://www.media-e.co.jp/,,,
,,,,JP,ナインライブス,Japan,jp,http://www.ninelives.co.jp/,,,
,,,,JP,セガ,Japan,jp,http://www.sega.co.jp/,,https://ja.wikipedia.org/wiki/%E3%82%BB%E3%82%AC%E3%83%BB%E3%82%A4%E3%83%B3%E3%82%BF%E3%83%A9%E3%82%AF%E3%83%86%E3%82%A3%E3%83%96,Q20045200
,,,,JP,ルネ,Japan,jp,http://www.marigold.co.jp/lune/,,,
,,,,,ジャングル,Japan,jp,http://www.j98.co.jp/,,,
,,,,JP,パイ,Japan,jp,http://www.pai.jp,,,
,,,,JP,パームツリー,Japan,jp,http://www.palmtree.co.jp/,,,
,,,,JP,フューチャーパイレーツ,Japan,jp,http://www.fpi.co.jp/,,,
,,,,JP,彩-REAL,Japan,jp,http://www.geocities.co.jp/Playtown-Bingo/4065/index.html,,,
,,,,JP,____学園三国志ファンページ____,Japan,jp,http://s1.kcn-tv.ne.jp/users/syo/gaku3fan/index.html,,,
,,,,IT,オールスフィア,,net,http://www.all-sphere.net/,,,
,,,,JP,システムソフト,Japan,jp,http://www.systemsoft.co.jp/,,https://ja.wikipedia.org/wiki/%E3%82%B7%E3%82%B9%E3%83%86%E3%83%A0%E3%82%BD%E3%83%95%E3%83%88%E3%83%BB%E3%82%A2%E3%83%AB%E3%83%95%E3%82%A1%E3%83%BC,Q7663606
,,,,,イメージクラフト,Japan,jp,http://imagecraft.product.co.jp/,,,
,,,,JP,ブルーゲイル,Japan,jp,http://www.phoenix-c.or.jp/bluegale/,,,
,,,,JP,すぺじゃに共和国,,com,http://www.sp-janis.com/,,,
,,,,JP,シリウス,Japan,jp,http://sirius.product.co.jp/,,,
,,,,,Ｂｉｏ　１００％,Japan,jp,http://www.bio100.co.jp/,,,
,,,,,フォルテ,Japan,jp,http://www.get-ain.co.jp/forte/,,,
,,,,IE,電脳商会,Japan,jp,http://www.denno.co.jp/,,,
,,,,JP,クロスゲート職業安定所,Japan,jp,http://ra.sakura.ne.jp/~almighty/crossgate/,,,
,,,,JP,カルドセプト,,com,http://www.culdcept.com/,,,
,,,,,株式会社デュアル,Japan,jp,http://www.dual-inc.co.jp/,,,
,,,,JP,エグゼクリエイト,Japan,jp,http://www.exe-create.co.jp/,,,
,,,,,Ｂｉｏ　１００％,Japan,jp,http://www.bio100.co.jp/,,,
,,,,JP,スタジオワンダーエフェクト,Japan,jp,http://www.wonder-effect.co.jp/,,,
,,,,JP,キッド,Japan,jp,http://www.kid-game.co.jp/,,,
,,,,JP,スタジオ・パンドラ,Japan,jp,http://www.stpandora.co.jp/,,,
,,,,,フォルテ,Japan,jp,http://www.get-ain.co.jp/forte/,,,
,,,,JP,日本ファルコム,,com,http://www.falcom.com/,,https://ja.wikipedia.org/wiki/%E6%97%A5%E6%9C%AC%E3%83%95%E3%82%A1%E3%83%AB%E3%82%B3%E3%83%A0,Q1142226
,,,,DE,プレイオンライン,,com,http://www.playonline.com/,,,
,,,,,ルーン,Japan,jp,http://www.runesoft.co.jp/,,,
,,,,JP,フロム・ソフトウェア,Japan,jp,http://www.fromsoftware.co.jp/,,https://ja.wikipedia.org/wiki/%E3%83%95%E3%83%AD%E3%83%A0%E3%83%BB%E3%82%BD%E3%83%95%E3%83%88%E3%82%A6%E3%82%A7%E3%82%A2,Q2414469
,,,,JP,ブルーゲイル,Japan,jp,http://www.phoenix-c.or.jp/bluegale/,,,
,,,,JP,Software Group,Japan,jp,http://creator.freespace.jp/Software_group/,,,
,,,,JP,BISHOP,Japan,jp,http://www.bishop.gr.jp/,,,
,,,,,New File Entertaiment,Japan,jp,http://home9.highway.ne.jp/cob/nfe_net/,,,
,,,,JP,MASTER LOM,Japan,jp,http://hc7.seikyou.ne.jp/home/master-lom/,,,
,,,,JP,アトリエかぐや,,com,http://www.a-kaguya.com/,,,
,,,,JP,グラスホッパー・マニファクチュア,Japan,jp,http://www.grasshopper.co.jp/,,https://ja.wikipedia.org/wiki/%E3%82%B0%E3%83%A9%E3%82%B9%E3%83%9B%E3%83%83%E3%83%91%E3%83%BC%E3%83%BB%E3%83%9E%E3%83%8B%E3%83%95%E3%82%A1%E3%82%AF%E3%83%81%E3%83%A5%E3%82%A2,Q1191897
,,,,JP,有限会社エイトビット,Japan,jp,http://www.8bit.co.jp,,,
,,,,CH,エーコロン,,com,http://www.acolon.com/,,,
,,,,,VISUAL RANKING,,net,http://www.visualranking.net/cgi-bin/ranking.cgi%3fid%3d22799,,,
,,,,JP,戯作座,Japan,jp,http://www.gesakuza.co.jp/,,,
,,,,JP,アトラス,Japan,jp,http://www.atlus.co.jp/,,https://ja.wikipedia.org/wiki/%E3%82%A2%E3%83%88%E3%83%A9%E3%82%B9_(%E3%82%B2%E3%83%BC%E3%83%A0%E4%BC%9A%E7%A4%BE),Q780528
,,,,US,ポニーキャニオン,Japan,jp,http://www.ponycanyon.co.jp/,,,
,,,,US,knight,,com,http://www.stjp.com/knight/,,,
,,,,JP,マーメイド,Japan,jp,http://www.sdia.or.jp/~mermaid/,,,
,,,,JP,オラシオン,Japan,jp,http://www.oracion.co.jp/,,,
,,,,JP,アイレム,Japan,jp,http://www.irem.co.jp/,,https://ja.wikipedia.org/wiki/%E3%82%A2%E3%82%A4%E3%83%AC%E3%83%A0%E3%82%BD%E3%83%95%E3%83%88%E3%82%A6%E3%82%A7%E3%82%A2%E3%82%A8%E3%83%B3%E3%82%B8%E3%83%8B%E3%82%A2%E3%83%AA%E3%83%B3%E3%82%B0,Q617752
,,,,JP,モス,Japan,jp,http://www.mossjp.co.jp/,,,
,,,,JP,ビクターインタラクティブソフトウェア,Japan,jp,http://www.vis.co.jp/,,https://ja.wikipedia.org/wiki/%E3%83%93%E3%82%AF%E3%82%BF%E3%83%BC%E3%82%A4%E3%83%B3%E3%82%BF%E3%83%A9%E3%82%AF%E3%83%86%E3%82%A3%E3%83%96%E3%82%BD%E3%83%95%E3%83%88%E3%82%A6%E3%82%A7%E3%82%A2,Q2659812
,,,,JP,Software Group,Japan,jp,http://creator.freespace.jp/Software_group/,,,
,,,,JP,日本アートメディア,Japan,jp,http://www.jam1989.co.jp/,,,
,,,,,ラブデリック,Japan,jp,http://www.lovedelic.co.jp/,,https://ja.wikipedia.org/wiki/%E3%83%A9%E3%83%96%E3%83%87%E3%83%AA%E3%83%83%E3%82%AF,Q2018532
,,,,JP,サーカス,Japan,jp,http://www.nandemo.gr.jp/~circus/,,,
,,,,JP,エキップメント,Japan,jp,http://www.equip-ment.co.jp,,,
,,,,JP,ともパラ,Tonga,to,http://www3.to/tomopara/,,,
,,,,JP,ズー,Japan,jp,http://www.zoo.co.jp/,,,
,,,,,エンジェルスマイル,Japan,jp,http://www.cd-bros.co.jp/coolcrew/,,,
,,,,JP,ウィンタース,,com,http://homepage2.nifty.com/winters/,,,
,,,,JP,私のおもちゃ箱,Japan,jp,http://www005.upp.so-net.ne.jp/h-masuda/index.html,,,
,,,,,日本メディアプログラミング,Japan,jp,http://www.jamp-net.co.jp/,,,
,,,,JP,____学園三国志ファンページ____,Japan,jp,http://s1.kcn-tv.ne.jp/users/syo/gaku3fan/index.html,,,
,,,,JP,ハイウェイスター,Japan,jp,http://www.hws.co.jp/,,,
,,,,JP,スエリーの流石,Japan,jp,http://www.page.sannet.ne.jp/swery/index.html,,,
,,,,,うさぎソフト,,com,http://www.ssgssg.com/,,,
,,,,JP,マルチメディア インテリジェンス トランスファー,,com,http://www.mitjapan.com/,,,
,,,,JP,ONIONSOFT,,net,http://www.onionsoft.net/,,,
,,,,US,ウォーターマークス,,com,http://www.watermarks.com/,,,
,,,,,メディアカイト,Japan,jp,http://www.media-kite.co.jp/,,,
,,,,,ケージ,Japan,jp,http://www.runesoft.co.jp/cage/,,,
,,,,,アールクラブ,Japan,jp,http://www.art-club.co.jp/,,,
,,,,JP,ＺｙＸ,Japan,jp,http://www.zyx-game.co.jp/,,,
,,,,JP,Hot Soup Processorのページ,,net,http://www.onionsoft.net/hsp/,,,
,,,,JP,アキ,Japan,jp,http://www.aki.co.jp/,,,
,,,,,熟してない梅の実,Japan,jp,http://www2.csc.ne.jp/~amfy/,,,
,,,,,ＫＳＳ,Japan,jp,http://www.kss-inc.co.jp/,,,
,,,,JP,ティアラ,Japan,jp,http://www.cyborg.ne.jp/~jast/tiare/,,,
,,,,,ソフトウェアパセリ,Japan,jp,http://www.parsley.gr.jp/,,,
,,,,,ブラックパッケージ,Japan,jp,http://www.blackpackage.co.jp/,,,
,,,,JP,コトブキシステム,Japan,jp,http://www.kemco.jp/,,,
,,,,,ANIM,Japan,jp,http://www.sis.iowave.co.jp/crowd/index.html,,,
,,,,JP,ディースリー・パブリッシャー,Japan,jp,http://www.d3p.co.jp/,,,
,,,,,鯖,Tonga,to,http://saba.to/,,,
,,,,JP,ジャスト,Japan,jp,http://www.cyborg.ne.jp/~jast/,,,
,,,,,エデン,Japan,jp,http://www.apo.co.jp/eden/,,,
,,,,,Colors,Japan,jp,http://www.hue.co.jp/colors/,,,
,,,,JP,ライトウェイト,Japan,jp,http://www.lightweight.co.jp/,,https://ja.wikipedia.org/wiki/%E3%83%A9%E3%82%A4%E3%83%88%E3%82%A6%E3%82%A7%E3%82%A4%E3%83%88,Q4891719
,,,,IE,タイクーン,Japan,jp,http://www.tycoon.co.jp/,,,
,,,,JP,アイボリー,Japan,jp,http://www.ivory.co.jp/,,,
,,,,JP,風雅システム,Japan,jp,http://www.toyama-smenet.or.jp/~fuga/,,,
,,,,JP,ニトロプラス,,net,http://www.nitroplus.net/,,https://ja.wikipedia.org/wiki/%E3%83%8B%E3%83%88%E3%83%AD%E3%83%97%E3%83%A9%E3%82%B9,Q1092500
,,,,JP,ゲームフリーク,Japan,jp,http://www.gamefreak.co.jp/,,https://ja.wikipedia.org/wiki/%E3%82%B2%E3%83%BC%E3%83%A0%E3%83%95%E3%83%AA%E3%83%BC%E3%82%AF,Q782028
,,,,,遊演体,Japan,jp,http://www.you-en-tai.co.jp/,,,
,,,,JP,やのまん,Japan,jp,http://www.yanoman.co.jp/,,,
,,,,US,ワークジャム,,com,http://www.workjam.com/,,,
,,,,JP,ミスティ,,com,http://www.studio-air.com/air/,,,
,,,,JP,オーパス,Japan,jp,http://www.opus.co.jp/,,,
,,,,JP,プラチナれーべる,Japan,jp,http://www.softpal.co.jp/platinum/index.html,,,
,,,,JP,エクシング,Japan,jp,http://www.xing.co.jp/,,,
,,,,JP,アスミックエース・エンタテイメント,Japan,jp,http://www.asmik-ace.co.jp/,,,
,,,,,ミスチフ,Japan,jp,http://mischief.product.co.jp/,,,
,,,,JP,ＮＯＲＩ－Ｐａｇｅ,,com,http://homepage1.nifty.com/nori-page/,,,
,,,,,[ExLove-3D OnlineGame]バーチャル出会いの広場,Japan,jp,http://www.exlove.co.jp,,,
,,,,JP,エキップメント,Japan,jp,http://www.equip-ment.co.jp,,,
,,,,JP,ネトゲドットコム,,com,http://www.babu.com/~road-net/,,,
,,,,JP,Ｉ・ＭＡＧＩＣ,Japan,jp,http://www.imagic.co.jp/,,,
,,,,,ルナーソフト,Japan,jp,http://www.cosmos.co.jp/lunar/,,,
,,,,,ベルダ,Japan,jp,http://www.bellda.co.jp/,,,
,,,,,DENSI 2!,Japan,jp,http://www.realdigital.co.jp/densi2/index.html,,,
,,,,JP,ナツメ,,com,http://www.natsume-game.com/,,https://ja.wikipedia.org/wiki/%E3%83%8A%E3%83%84%E3%83%A1%E3%82%A2%E3%82%BF%E3%83%AA,Q3772556
,,,,,ファミリーソフト,Japan,jp,http://www.familysoft.co.jp/,,https://ja.wikipedia.org/wiki/%E3%83%95%E3%82%A1%E3%83%9F%E3%83%AA%E3%83%BC%E3%82%BD%E3%83%95%E3%83%88,Q3066248
,,,,SC,受メロサイト,,com,http://www.ukemero.com/,,,
,,,,JP,週刊フリーゲームWeb,Japan,jp,http://www15.plala.or.jp/game_web/,,,
,,,,JP,ガスト,Japan,jp,http://www.gust.co.jp/,,https://ja.wikipedia.org/wiki/%E3%82%AC%E3%82%B9%E3%83%88_(%E3%82%B2%E3%83%BC%E3%83%A0%E3%83%96%E3%83%A9%E3%83%B3%E3%83%89),Q1207809
,,,,JP,拓洋興業,Japan,jp,http://www.takuyo.co.jp/,,https://ja.wikipedia.org/wiki/%E6%8B%93%E6%B4%8B%E8%88%88%E6%A5%AD,Q7678649
,,,,JP,工画堂スタジオ,,com,http://www.kogado.com/,,,
,,,,JP,トンキンハウス,Japan,jp,http://www.tokyo-shoseki.co.jp/tonkin/tkindex.htm,,,
,,,,JP,魔人街,Japan,jp,http://www.mb.ccnw.ne.jp/majingai/,,,
,,,,JP,アーカムプロダクツ,Japan,jp,http://www.phoenix-c.or.jp/arkham/,,,
,,,,JP,シリウス,Japan,jp,http://sirius.product.co.jp/,,,
,,,,JP,Let’s HSP!,Japan,jp,http://www.geocities.co.jp/Playtown-Yoyo/6130/hsp/,,,
,,,,SE,エンターブレイン,,com,http://www.gameeb.com/,,,
,,,,,にくきゅう,Japan,jp,http://www.alpha-jp.co.jp/~nikukyuu/,,,
,,,,KR,GRAVITY,South Korea,kr,http://www.gravity.co.kr/,,,
,,,,,うさぎソフト,,com,http://www.ssgssg.com/,,,
,,,,JP,有限会社ネクスト,Japan,jp,http://www.game-next.jp/,,,
,,,,JP,天津堂,Japan,jp,http://www.softpal.co.jp/tenshindo/index.html,,,
,,,,JP,Britannia　観光案内所,Japan,jp,http://member.nifty.ne.jp/kamurai/,,,
,,,,JP,ドワンゴ,Japan,jp,http://www.dwango.co.jp/,,,
,,,,JP,有限会社ヌードメーカー,Japan,jp,http://www.nudemaker.jp,,,
,,,,,ダズ,Japan,jp,http://www.dazz.ne.jp/,,,
,,,,JP,セフィ♪,Japan,jp,http://sefi1.hp.infoseek.co.jp/,,,
,,,,,ドリームキャストダイレクト,Japan,jp,http://www.d-direct.ne.jp/,,,
,,,,,アストロール,Japan,jp,http://www.astroll.co.jp,,,
,,,,,New File Entertaiment,Japan,jp,http://home9.highway.ne.jp/cob/nfe_net/,,,
,,,,JP,ねんごろソフト,,com,http://www.nengollo.com/,,,
,,,,JP,メディアビジョン,Japan,jp,http://www.media-vision.co.jp/,,https://ja.wikipedia.org/wiki/%E3%83%A1%E3%83%87%E3%82%A3%E3%82%A2%E3%83%BB%E3%83%93%E3%82%B8%E3%83%A7%E3%83%B3,Q2735962
,,,,JP,Ｌｉｌｉｍ,Japan,jp,http://www.saibunkan.co.jp/lilim/,,,
,,,,JP,小学館プロダクション,Japan,jp,http://www.shopro.co.jp/,,,
,,,,JP,ｊｉｔｔａ's smith,Japan,jp,http://www.aurora.dti.ne.jp/%257Ejitta/,,,
,,,,JP,スタジオトリップス　フロンティア,Japan,jp,http://www5a.biglobe.ne.jp/~studiotr/,,,
,,,,JP,Ｐ ｌ ａ ｙ Ｓ ｔ ａ ｔ ｉ ｏ ｎ　 ｍ ｋ ２,,com,http://kyoichi.ceo-jp.com/ps2/,,,
,,,,JP,すぺじゃに共和国,,com,http://www.sp-janis.com/,,,
,,,,JP,ガイナックス,Japan,jp,http://www.gainax.co.jp/,,,
,,,,JP,ブレイク,Japan,jp,http://www.breaks.co.jp/,,,
,,,,JP,アトリエドゥーブル,Japan,jp,http://www.double.co.jp/,,,
,,,,US,ゲームリサイクルGAME77,Japan,jp,http://www.game77.jp/,,,
,,,,JP,Ｋｅｙ,Japan,jp,http://key.visualarts.gr.jp/index.htm,,,
,,,,JP,アーカムプロダクツ,Japan,jp,http://www.phoenix-c.or.jp/arkham/,,,
,,,,,ScooP,Japan,jp,http://www.usersupport.gr.jp/scoop/,,,
,,,,JP,ビーファクトリー,Japan,jp,http://www.hand.co.jp/products/b-factory/,,,
,,,,,id Software,,com,http://www.idsoftware.com/,,https://ja.wikipedia.org/wiki/Id_Software,Q204474
,,,,,アーヴォリオ,Japan,jp,http://13cm.product.co.jp/Aypio/,,,
,,,,,アザーワイズ,Japan,jp,http://otherwise.product.co.jp/,,,
,,,,,トラヴュランス,Japan,jp,http://trb.cd-bros.co.jp/,,,
,,,,JP,ねこねこソフト,Japan,jp,http://www.din.or.jp/~nekoneko/,,,
,,,,,エフピーエス（富士通パソコンシステムズ）,Japan,jp,http://www.fps.co.jp/,,,
,,,,,Surfersparadise ゲーム館 FinalFantasy11情報局,,com,http://game.surpara.com/pol/,,,
,,,,JP,デジターボ,Japan,jp,http://www.digiturbo.co.jp/,,,
,,,,,ワッフル,Japan,jp,http://www.wattle.co.jp/,,,
,,,,,ＥＺＯ－ＮＩＣＫ　ＯＦＦＩＣＩＡＬ　ＷＥＢ　ＳＩＴＥ,,com,http://www.ezonick.com/,,,
,,,,JP,ソフトバンク,Japan,jp,http://www.softbank.co.jp/,,,
,,,,JP,フリップフロップ,Japan,jp,http://www.flipflop.co.jp/,,,
,,,,JP,イメージクラブ,Japan,jp,http://www.phoenix-c.or.jp/arkham/i-club/,,,
,,,,JP,アリスブルー,Japan,jp,http://www.alicesoft.co.jp/boys/,,,
,,,,JP,日本一ソフトウェア,Japan,jp,http://www.nippon1.co.jp/,,https://ja.wikipedia.org/wiki/%E6%97%A5%E6%9C%AC%E4%B8%80%E3%82%BD%E3%83%95%E3%83%88%E3%82%A6%E3%82%A7%E3%82%A2,Q1143659
,,,,JP,Ｋｉｓｓ,Japan,jp,http://www.iris.dti.ne.jp/~kisskiss/,,,
,,,,,DENSI 2!,Japan,jp,http://www.realdigital.co.jp/densi2/index.html,,,
,,,,JP,ともパラ,Tonga,to,http://www3.to/tomopara/,,,
,,,,JP,バードランド,Japan,jp,http://www.birdland.co.jp/,,,
,,,,,エデン,Japan,jp,http://www.apo.co.jp/eden/,,,
,,,,JP,アリスソフト,Japan,jp,http://www.alicesoft.co.jp/,,https://ja.wikipedia.org/wiki/%E3%82%A2%E3%83%AA%E3%82%B9%E3%82%BD%E3%83%95%E3%83%88,Q1045037
,,,,JP,MASTER LOM,Japan,jp,http://hc7.seikyou.ne.jp/home/master-lom/,,,
,,,,,[ExLove-3D OnlineGame]バーチャル出会いの広場,Japan,jp,http://www.exlove.co.jp,,,
,,,,,Javaでゲーム作りますが何か？,Japan,jp,http://javagame.main.jp/,,,
,,,,,ANIM,Japan,jp,http://www.sis.iowave.co.jp/crowd/index.html,,,
,,,,,エバプランニングオフィス,Japan,jp,http://webclub.kcom.ne.jp/ma/eba-p/,,,
,,,,JP,CROSS,Japan,jp,http://www.cross-net.co.jp/,,,
,,,,JP,StudioGIW（スタジオギウ）,Japan,jp,http://www.page.sannet.ne.jp/m-sky/game/,,,
,,,,,ピュアサウンド,Japan,jp,http://www1.ocn.ne.jp/~psound/,,,
,,,,JP,アルウ゛ィオン,Japan,jp,http://www.alvion.co.jp/,,,
,,,,,アイドス・インタラクティブ,Japan,jp,http://www.eidos.co.jp/index-hi.html,,https://ja.wikipedia.org/wiki/%E3%82%A2%E3%82%A4%E3%83%89%E3%82%B9%E3%83%BB%E3%82%A4%E3%83%B3%E3%82%BF%E3%83%A9%E3%82%AF%E3%83%86%E3%82%A3%E3%83%96,Q679933
,,,,JP,Bonbee!,Japan,jp,http://bonbee.product.co.jp/,,,
,,,,JP,ストーンヘッズ,Japan,jp,http://www.stoneheads.co.jp/,,,
,,,,,l’omelette with POWDERSNOW,Japan,jp,http://www.noemi.ne.jp,,,
,,,,,アイシステム東京,Japan,jp,http://island.qqq.or.jp/hp/aisystem/,,,
,,,,JP,MAGURO ONLINE,Japan,jp,http://www2s.biglobe.ne.jp/~maekawa/index.htm,,,
,,,,JP,テイジイエル,Japan,jp,http://www.tgl.co.jp/,,,
,,,,,シーズウェア,Japan,jp,http://www.csware.co.jp/,,,
,,,,,レトロゲーム専門ショップ「LRねえし！」,Japan,jp,http://famicom-shop.ddo.jp/~left-right/index.html,,,
,,,,JP,美蕾,,com,http://www.mirai-soft.com/,,https://ja.wikipedia.org/wiki/%E7%BE%8E%E8%95%BE,Q11609342
,,,,,アーヴォリオ,Japan,jp,http://13cm.product.co.jp/Aypio/,,,
,,,,US,いろいろあります！「ゲーム屋さん」,Japan,jp,http://www.netorder.jp/shop/gameyasan/,,,
,,,,,フォーティーファイブ,Japan,jp,http://www.xlv.co.jp/,,,
,,,,JP,猫でもわかるプログラミング,Japan,jp,http://www.kumei.ne.jp/c_lang/,,,
,,,,,ステージ☆なな,Japan,jp,http://stage-nana.telnet.or.jp/,,,
,,,,,アウトバック,Japan,jp,http://www.outback.co.jp/,,,
,,,,,ゾーン,Japan,jp,http://www.zone-pg.co.jp/,,,
,,,,JP,戯画,,com,http://www.web-giga.com/,,https://ja.wikipedia.org/wiki/%E6%88%AF%E7%94%BB_(%E3%83%96%E3%83%A9%E3%83%B3%E3%83%89),Q871504
,,,,,EMU,,net,http://www.hf-emu.net/,,,
,,,,JP,GAMERよ集え。(仮),Japan,jp,http://ip.tosp.co.jp/i.asp%3fI%3dMAXinfini,,,
,,,,,コナミスタイル,,com,http://www.konamistyle.com/,,,
,,,,AU,11-FF いっしょにTALK！,,com,http://ff-11.com/,,,
,,,,JP,オフィスジーン,Japan,jp,http://www.jean.co.jp/,,,
,,,,JP,レイ,Japan,jp,http://www.ray.co.jp/,,,
,,,,JP,リアルビジョン,Japan,jp,http://www.realvision.co.jp/,,,
,,,,JP,Xanadu Laboratory,Japan,jp,http://www3.tky.3web.ne.jp/~mineru1/ast/xanadu/,,,
,,,,,イージーモード,Japan,jp,http://www.hillfield.co.jp/easymode/,,,
,,,,US,ぱんだはうす,,net,http://www.pandahouse.net/,,,
,,,,US,ぱんだはうす,,net,http://www.pandahouse.net/,,,
,,,,JP,ユークス,Japan,jp,http://www.yukes.co.jp/,,https://ja.wikipedia.org/wiki/%E3%83%A6%E3%83%BC%E3%82%AF%E3%82%B9,Q1923795
,,,,JP,灯～ともしび～,,net,http://www.tomoshibi.net/,,,
,,,,JP,マイクロネット,Japan,jp,http://www.micronetclub.co.jp/,,,
,,,,JP,テクモ,Japan,jp,http://www.tecmo.co.jp/,,,
,,,,JP,アスキー,Japan,jp,http://www.ascii.co.jp/et/,,,
,,,,JP,イージーオー,Japan,jp,http://ego.product.co.jp/,,,
,,,,,辰巳電子工業（株）,Japan,jp,http://www02.so-net.ne.jp/~tatsumi/game/index.htm,,,
,,,,AU,すたじおみりす,,com,http://studio-miris.com/,,,
,,,,JP,CROSS,Japan,jp,http://www.cross-net.co.jp/,,,
,,,,,クロスゲートＢＢＳ,,net,http://www.ge-myu.net/game/crossgate/bbs/,,,
,,,,DE,スクウェアエニックス,Japan,jp,http://www.square-enix.co.jp/,,https://ja.wikipedia.org/wiki/%E3%82%B9%E3%82%AF%E3%82%A6%E3%82%A7%E3%82%A2%E3%82%A8%E3%83%8B%E3%83%83%E3%82%AF%E3%82%B9,Q207784
,,,,JP,ペガサスジャパン,Japan,jp,http://www.pegasus-japan.co.jp/,,,
,,,,,クライマックス,Japan,jp,http://www.climax.co.jp/,,https://ja.wikipedia.org/wiki/%E3%82%AF%E3%83%A9%E3%82%A4%E3%83%9E%E3%83%83%E3%82%AF%E3%82%B9_(%E3%82%B2%E3%83%BC%E3%83%A0%E4%BC%9A%E7%A4%BE),Q1101463
,,,,,レトロゲーム専門ショップ「LRねえし！」,Japan,jp,http://famicom-shop.ddo.jp/~left-right/index.html,,,
,,,,US,アルファ,,net,http://www.alphaco.net/,,,
,,,,JP,Ｂｌｕｃｋｙ,Japan,jp,http://www.birdland.co.jp/blucky/,,,
,,,,JP,アイル,,com,http://www.ail-soft.com/,,,
,,,,JP,"PC88,PC98 FAM ＳＡＶＥ ＤＡＴＡ’Ｓ for final",Japan,jp,http://final2.hp.infoseek.co.jp/,,,
,,,,JP,ビー・ワークス,Japan,jp,http://b-works.product.co.jp/,,,
,,,,JP,魔人街,Japan,jp,http://www.mb.ccnw.ne.jp/majingai/,,,
,,,,JP,彩文館,Japan,jp,http://www.saibunkan.co.jp/,,,
,,,,,Lineage2情報交換サイト,Japan,jp,http://lineage.fem.jp/,,,
,,,,,総合ビジネスアシスト,Japan,jp,http://www.aba-inc.co.jp/,,,
,,,,JP,マックスファイブ,,net,http://www.hoshigami.net/,,,
,,,,JP,ソフトマックス（日本法人）,Japan,jp,http://www.softmax.co.jp/,,,
,,,,JP,ゲームソフトパニック,Japan,jp,http://www.hh.iij4u.or.jp/~kodada/panic.htm,,,
,,,,,すきやきのゲームアルゴリズムとゲームプログラミング,Japan,jp,http://www.c3.club.kyutech.ac.jp/~sukiyaki/,,,
,,,,JP,携帯アプリ開発のエボルブ,Japan,jp,http://evolve.ne.jp/app-asp/,,,
,,,,,アルテシア,Japan,jp,http://www.altacia.co.jp/,,https://ja.wikipedia.org/wiki/%E3%82%A2%E3%83%AB%E3%83%86%E3%83%94%E3%82%A2%E3%83%83%E3%83%84%E3%82%A1,Q2864819
,,,,JP,日経映像,Japan,jp,http://www.nikkeivi.co.jp/,,,
,,,,,３分ゲーコンテスト,Japan,jp,http://saka.ave2.jp/3/,,,
,,,,JP,minori,Philippines,ph,http://www.minori.ph/,,https://ja.wikipedia.org/wiki/Minori,Q307403
,,,,,エルフ,Japan,jp,http://www.elf-game.co.jp/,,,
,,,,SE,し～くえんす,,com,http://www.aquarium-soft.com/sequence/,,,
,,,,JP,Vector,Japan,jp,http://www.vector.co.jp/,,,
,,,,,コスモスコンピューター,Japan,jp,http://www.cosmos.co.jp/,,,
,,,,JP,ToruのDirectXプログラミング講座,Japan,jp,http://www.geocities.jp/toru_website/,,,
,,,,JP,大宮ソフト,,com,http://www.omiyasoft.com/,,,
,,,,JP,MAGURO ONLINE,Japan,jp,http://www2s.biglobe.ne.jp/~maekawa/index.htm,,,
,,,,JP,イリュージョン,Japan,jp,http://www.illusion.co.jp/,,,
,,,,,The First Light,Japan,jp,http://www1.udn.ne.jp/~heroes/,,,
,,,,IT,オールスフィア,,net,http://www.all-sphere.net/,,,
,,,,JP,アースリープロダクション,Japan,jp,http://earthly.co.jp/,,,
,,,,JP,ゲームスタジオ,Japan,jp,http://www.gamestudio.co.jp/index.html,,,
,,,,,辰巳電子工業,Japan,jp,http://www02.so-net.ne.jp/~tatsumi/game/,,,
,,,,JP,UNKNOWN,Japan,jp,http://www.unknown.co.jp/,,,
,,,,JP,テトラテック,Japan,jp,http://www.tetratech.co.jp/,,,
,,,,,ＴＤＫコア,Japan,jp,http://www.core.tdk.co.jp/,,,
,,,,JP,ともパラ,Tonga,to,http://www3.to/tomopara/,,,
,,,,JP,アーベル,,com,http://www.abel-jp.com/,,,
,,,,,データムポリスター,Japan,jp,http://www.datam.co.jp/,,,
,,,,JP,リトルウィング,Japan,jp,http://www.littlewing.co.jp/,,,
,,,,,RO-INDEX,,net,http://ro-index.sohoworks.net/,,,
,,,,JP,有限会社オービット,,com,http://www.orbit-soft.com/index.html,,,
,,,,JP,トーセ,Japan,jp,http://www.tose.co.jp/,,https://ja.wikipedia.org/wiki/%E3%83%88%E3%83%BC%E3%82%BB,Q2271746
,,,,,セレン,Antigua and Barbuda,ag,http://www.selen.ag/,,,
,,,,JP,コンパイル,Japan,jp,http://www.compile.co.jp/,,https://ja.wikipedia.org/wiki/%E3%82%B3%E3%83%B3%E3%83%91%E3%82%A4%E3%83%AB_(%E4%BC%81%E6%A5%AD),Q383538
,,,,,ゲームショップ ゲームプラン,,com,http://www.games-plan.com/,,,
,,,,JP,フォレスター,Japan,jp,http://www.forester.co.jp/,,,
,,,,JP,デジタルエンフォース,,com,http://www.de-net.com/,,,
,,,,,HORI,Japan,jp,http://www.hori.ne.jp/,,,
,,,,JP,気まぐれソフトハウス,Japan,jp,http://wind-master.dip.jp/soft-info/,,,
,,,,JP,ユニゾンソフト,Japan,jp,http://www.softpal.co.jp/unisonshift/index.html,,,
,,,,,ソニーミュージックエンタテイメント,Japan,jp,http://sme.sonymusic.co.jp/,,,
,,,,JP,ノイズファクトリー,Japan,jp,http://www.noise.co.jp/,,,
,,,,,にくきゅう,Japan,jp,http://www.alpha-jp.co.jp/~nikukyuu/,,,
,,,,,インタープログ,Japan,jp,http://www.interprog.co.jp/,,,
,,,,JP,グラフィックス,,com,http://www.grafix-soft.com/,,,
,,,,,ティー・ヅィー,Japan,jp,http://www.tzs.co.jp/,,,
,,,,,アートゥーン,Japan,jp,http://www.artoon.co.jp/,,https://ja.wikipedia.org/wiki/%E3%82%A2%E3%83%BC%E3%83%88%E3%82%A5%E3%83%BC%E3%83%B3,Q2865851
,,,,,クロスゲート公式ＨＰ,Japan,jp,http://saru.square-enix.co.jp/crossgate/,,,
,,,,JP,マイクロブレイン,,com,http://www.mbrain.com/index.html,,,
,,,,JP,エレクトロズー,Japan,jp,http://home.att.ne.jp/red/ez/,,,
,,,,JP,バンプレスト,Japan,jp,http://www.banpresto.co.jp/,,https://ja.wikipedia.org/wiki/%E3%83%90%E3%83%B3%E3%83%97%E3%83%AC%E3%82%B9%E3%83%88,Q1371744
,,,,JP,スイセン,,com,http://www.make-suisen.com/,,,
,,,,JP,ハムスター,Japan,jp,http://www.hamster.co.jp/,,,
,,,,JP,レックスエンタテイメント,Japan,jp,http://www.rex.co.jp/rex-et/index.htm,,,
,,,,JP,ネオレックス,Japan,jp,http://www.neorex.co.jp/,,,
,,,,,アクセス,Japan,jp,http://www.axss.co.jp/,,https://ja.wikipedia.org/wiki/%E3%82%A2%E3%82%AF%E3%82%BB%E3%82%B9%E3%82%B2%E3%83%BC%E3%83%A0%E3%82%BA,Q2822685
,,,,,アークシステムワークス,Japan,jp,http://www.arcsy.co.jp/,,https://ja.wikipedia.org/wiki/%E3%82%A2%E3%83%BC%E3%82%AF%E3%82%B7%E3%82%B9%E3%83%86%E3%83%A0%E3%83%AF%E3%83%BC%E3%82%AF%E3%82%B9,Q2617855
,,,,JP,びーにゃん,,com,http://www.r18game.com/beenyan/,,,
,,,,JP,フィザード,,com,http://www.feathered.com/,,,
,,,,JP,ユニゾンソフト,Japan,jp,http://www.softpal.co.jp/unisonshift/index.html,,,
,,,,JP,クールキッズ,Japan,jp,http://www.eurus.dti.ne.jp/~koolkizz/,,,
,,,,,デジタル・トウキョー,Japan,jp,http://www.ditokyo.co.jp/,,,
,,,,,アクアシステム,Japan,jp,http://www.aquasystem.co.jp/,,,
,,,,,パイオニアＬＤＣ,Japan,jp,http://www.pldc.co.jp/,,,
,,,,US,シャノアール,Japan,jp,http://www.chatnoir.co.jp/,,,
,,,,JP,裸足少女,Japan,jp,http://hadashi.product.co.jp/,,,
